SET search_path TO lbaw2181;

--users (50)

insert into users (id, username, fullname, email, password, img_url, is_admin) values (1, 'ggalbraith0', 'Giffer Galbraith', 'ggalbraith0@twitter.com', 'FwJ2i3', '/turpis/sed/ante.png', true);
insert into users (id, username, fullname, email, password, img_url, is_admin) values (2, 'rschrader1', null, 'dantoniottii1@fc2.com', 'aB32Xn', '/sociis/natoque.js', false);
insert into users (id, username, fullname, email, password, img_url, is_admin) values (3, 'lborth2', null, 'bmillea2@nyu.edu', 'Ex4fmYltJftf', '/vel/accumsan/tellus/nisi/eu.html', false);
insert into users (id, username, fullname, email, password, img_url, is_admin) values (4, 'dbaffin3', 'Dorian Baffin', 'dbaffin3@skyrock.com', 'UthkL3pn2f', '/ut/erat/id/mauris.html', true);
insert into users (id, username, fullname, email, password, img_url, is_admin) values (5, 'ddeval4', 'Dinny Deval', 'ddeval4@pcworld.com', 'uBEGOX3TL', '/felis/sed/lacus.jpg', false);
insert into users (id, username, fullname, email, password, img_url, is_admin) values (6, 'afilipponi5', 'Ardelia Filipponi', 'afilipponi5@histats.com', 'Xx6ACMa5', '/neque/libero/convallis/eget/eleifend/luctus.jpg', false);
insert into users (id, username, fullname, email, password, img_url, is_admin) values (7, 'asokale6', 'Averil Sokale', 'asokale6@simplemachines.org', 'TXRpr8jFF', '/dui/luctus/rutrum/nulla/tellus/in.js', false);
insert into users (id, username, fullname, email, password, img_url, is_admin) values (8, 'cdavidi7', 'Carolin Davidi', 'cdavidi7@discuz.net', 'J849rPT', '/nisl/ut.jsp', false);
insert into users (id, username, fullname, email, password, img_url, is_admin) values (9, 'eklyner8', null, 'dwinear8@fotki.com', 'BO2ed9Srkaj', '/faucibus.jsp', false);
insert into users (id, username, fullname, email, password, img_url, is_admin) values (10, 'dsurgenor9', null, 'cstores9@ifeng.com', '895H3CS80w', '/vulputate/justo/in.jsp', false);
insert into users (id, username, fullname, email, password, img_url, is_admin) values (11, 'mulyatta', 'Maddie Ulyatt', 'mulyatta@friendfeed.com', 'VbdPLh', '/arcu/adipiscing/molestie/hendrerit/at/vulputate.jsp', false);
insert into users (id, username, fullname, email, password, img_url, is_admin) values (12, 'sdawberyb', null, 'fnipperb@nydailynews.com', '6sMN4CfUA', '/libero/ut/massa.json', true);
insert into users (id, username, fullname, email, password, img_url, is_admin) values (13, 'sparnabyc', null, 'epiercec@jalbum.net', 'VbfTclOm7EV', '/cursus.jsp', false);
insert into users (id, username, fullname, email, password, img_url, is_admin) values (14, 'blillimand', 'Barbara-anne Lilliman', 'blillimand@sbwire.com', 'nPud8lt', '/est/congue/elementum/in/hac/habitasse/platea.jsp', true);
insert into users (id, username, fullname, email, password, img_url, is_admin) values (15, 'ldeignane', 'Luca Deignan', 'ldeignane@surveymonkey.com', 'qp38KHV5za', '/suscipit/ligula/in/lacus/curabitur/at.json', true);
insert into users (id, username, fullname, email, password, img_url, is_admin) values (16, 'jfrendf', 'Jinny Frend', 'jfrendf@creativecommons.org', 'Pn3NlXsMo6Lw', '/suscipit/a/feugiat/et/eros/vestibulum.xml', true);
insert into users (id, username, fullname, email, password, img_url, is_admin) values (17, 'dhuckerbyg', null, 'lculshawg@ucla.edu', 'Wo2ZVw', '/massa/id/lobortis/convallis/tortor.xml', true);
insert into users (id, username, fullname, email, password, img_url, is_admin) values (18, 'mshurrocksh', 'Marlee Shurrocks', 'mshurrocksh@guardian.co.uk', 'geEGkOV', '/pellentesque/volutpat/dui/maecenas.png', true);
insert into users (id, username, fullname, email, password, img_url, is_admin) values (19, 'dgosnelli', null, 'hknottei@t.co', '42JiT8yT', '/proin/leo/odio/porttitor.json', true);
insert into users (id, username, fullname, email, password, img_url, is_admin) values (20, 'aowthwaitej', null, 'amacwilliamj@bluehost.com', 'zlNvE1Cf', '/suspendisse/accumsan/tortor.html', true);
insert into users (id, username, fullname, email, password, img_url, is_admin) values (21, 'csouthamk', 'Cyb Southam', 'csouthamk@census.gov', 'rpwjOxEm', '/in/tempus/sit/amet.jsp', true);
insert into users (id, username, fullname, email, password, img_url, is_admin) values (22, 'morbonl', 'Myrta Orbon', 'morbonl@nbcnews.com', 'nPwUfWiydkI6', '/lectus/in/quam.jpg', true);
insert into users (id, username, fullname, email, password, img_url, is_admin) values (23, 'jaudissm', 'Johnnie Audiss', 'jaudissm@accuweather.com', 'h1uDWTTGdRH', '/vehicula/condimentum/curabitur/in/libero.aspx', false);
insert into users (id, username, fullname, email, password, img_url, is_admin) values (24, 'esaffen', null, 'slovedayn@ebay.com', 'et03i77exc', '/dolor/sit.png', false);
insert into users (id, username, fullname, email, password, img_url, is_admin) values (25, 'sharesnapeo', 'Stavros Haresnape', 'sharesnapeo@cbslocal.com', 'Z4ygQTVMZ5xB', '/sed/ante/vivamus/tortor.xml', true);
insert into users (id, username, fullname, email, password, img_url, is_admin) values (26, 'fratleep', 'Fiann Ratlee', 'fratleep@youtu.be', '4U1GOA', '/odio/in/hac/habitasse/platea/dictumst.jsp', false);
insert into users (id, username, fullname, email, password, img_url, is_admin) values (27, 'gmurcuttq', 'Gypsy Murcutt', 'gmurcuttq@japanpost.jp', '1qRdVg5h', '/curae/nulla/dapibus/dolor/vel/est/donec.jsp', true);
insert into users (id, username, fullname, email, password, img_url, is_admin) values (28, 'kpenniallr', 'Kayla Penniall', 'kpenniallr@mysql.com', 'c32i0GVs8', '/habitasse/platea/dictumst.json', true);
insert into users (id, username, fullname, email, password, img_url, is_admin) values (29, 'hbrackens', null, 'flipsetts@purevolume.com', 'jk8Hxqkzkk', '/lorem/ipsum.aspx', false);
insert into users (id, username, fullname, email, password, img_url, is_admin) values (30, 'bpeplayt', 'Brandie Peplay', 'bpeplayt@usatoday.com', 'eD4pkm', '/vel/lectus/in/quam/fringilla.js', true);
insert into users (id, username, fullname, email, password, img_url, is_admin) values (31, 'tshearu', 'Thia Shear', 'tshearu@istockphoto.com', 'plMDnAQn', '/orci/luctus/et/ultrices.html', false);
insert into users (id, username, fullname, email, password, img_url, is_admin) values (32, 'hyerringtonv', 'Halley Yerrington', 'hyerringtonv@unicef.org', 'a2ixned', '/dictumst.jsp', false);
insert into users (id, username, fullname, email, password, img_url, is_admin) values (33, 'alarriew', 'Ali Larrie', 'alarriew@163.com', 'qb5lwThH', '/justo/eu.html', true);
insert into users (id, username, fullname, email, password, img_url, is_admin) values (34, 'jmcgeeverx', 'Joachim McGeever', 'jmcgeeverx@jiathis.com', 'RNSe8wtSK8Ki', '/in.jsp', false);
insert into users (id, username, fullname, email, password, img_url, is_admin) values (35, 'mgittisy', null, 'omciany@dropbox.com', '4V43Tromn', '/primis/in/faucibus/orci/luctus/et/ultrices.png', true);
insert into users (id, username, fullname, email, password, img_url, is_admin) values (36, 'jsteggalsz', 'Jory Steggals', 'jsteggalsz@lulu.com', 'QcAPWKG', '/vel/augue/vestibulum/ante/ipsum/primis.aspx', false);
insert into users (id, username, fullname, email, password, img_url, is_admin) values (37, 'apantry10', null, 'rfolbigg10@java.com', 'dcwFf3', '/vestibulum/proin/eu.js', false);
insert into users (id, username, fullname, email, password, img_url, is_admin) values (38, 'ngrocock11', 'Nev Grocock', 'ngrocock11@miibeian.gov.cn', 'eTyROOZ3F', '/aenean/sit/amet.jsp', false);
insert into users (id, username, fullname, email, password, img_url, is_admin) values (39, 'rcrilly12', 'Rafaellle Crilly', 'rcrilly12@smugmug.com', 'JcHxdKJixGNt', '/arcu/adipiscing/molestie/hendrerit/at/vulputate.json', true);
insert into users (id, username, fullname, email, password, img_url, is_admin) values (40, 'rmackriell13', 'Rosamond Mackriell', 'rmackriell13@ucoz.com', 'o1TjyGDGUFAw', '/arcu/sed/augue/aliquam/erat/volutpat.json', false);
insert into users (id, username, fullname, email, password, img_url, is_admin) values (41, 'ofanning14', 'Olive Fanning', 'ofanning14@discuz.net', 'cTEIt7UvQnH', '/vel/sem/sed/sagittis/nam/congue.json', false);
insert into users (id, username, fullname, email, password, img_url, is_admin) values (42, 'tfollett15', 'Theresa Follett', 'tfollett15@bravesites.com', '9D4oJVm', '/mauris/laoreet/ut/rhoncus/aliquet/pulvinar/sed.js', true);
insert into users (id, username, fullname, email, password, img_url, is_admin) values (43, 'jruse16', null, 'hbetser16@cornell.edu', '0A0ZJSBbB', '/ridiculus/mus/vivamus.jsp', false);
insert into users (id, username, fullname, email, password, img_url, is_admin) values (44, 'fcayle17', 'Florencia Cayle', 'fcayle17@over-blog.com', 'Tw4X0tN', '/eget/congue/eget/semper/rutrum/nulla/nunc.aspx', false);
insert into users (id, username, fullname, email, password, img_url, is_admin) values (45, 'mseczyk18', null, 'jescofier18@facebook.com', 'ruaDVGeutw', '/tristique.jsp', true);
insert into users (id, username, fullname, email, password, img_url, is_admin) values (46, 'ncrosgrove19', null, 'gknappett19@ca.gov', 'T2vRo2ud', '/diam/erat/fermentum.jpg', false);
insert into users (id, username, fullname, email, password, img_url, is_admin) values (47, 'bburds1a', null, 'emcevay1a@ucoz.ru', 'qeDhQPQyw67z', '/leo/pellentesque/ultrices.xml', false);
insert into users (id, username, fullname, email, password, img_url, is_admin) values (48, 'kupson1b', 'Kerstin Upson', 'kupson1b@usatoday.com', 'OfKVu6vpq5J', '/sit.jsp', false);
insert into users (id, username, fullname, email, password, img_url, is_admin) values (49, 'hchisholme1c', null, 'foloshin1c@about.me', 'PpLMGAX4hRz', '/lobortis/convallis/tortor/risus.aspx', false);
insert into users (id, username, fullname, email, password, img_url, is_admin) values (50, 'nfrede1d', null, 'etebboth1d@wix.com', 'aZ545r', '/in.html', false);


-- projects (20)


insert into projects (id, title, description, public, active, created_at) values (1, 'Software Consultant', 'magna ac consequat metus sapien ut nunc vestibulum ante ipsum primis in faucibus orci luctus et ultrices posuere cubilia curae mauris viverra diam vitae quam suspendisse potenti nullam porttitor lacus at turpis donec posuere metus vitae ipsum aliquam', false, false, '2021-06-09');
insert into projects (id, title, description, public, active, created_at) values (2, 'Analyst Programmer', 'neque sapien placerat ante nulla justo aliquam quis turpis eget elit sodales scelerisque mauris sit amet eros suspendisse accumsan tortor quis turpis sed ante vivamus', true, true, '2021-02-15');
insert into projects (id, title, description, public, active, created_at) values (3, 'Geologist IV', 'nullam sit amet turpis elementum ligula vehicula consequat morbi a ipsum integer a nibh in quis justo maecenas rhoncus aliquam lacus morbi quis tortor id nulla ultrices aliquet maecenas leo', true, true, '2021-04-16');
insert into projects (id, title, description, public, active, created_at) values (4, 'Data Coordiator', 'vulputate elementum nullam varius nulla facilisi cras non velit nec nisi vulputate nonummy maecenas tincidunt lacus at velit vivamus vel nulla eget eros elementum', false, false, '2021-03-26');
insert into projects (id, title, description, public, active, created_at) values (5, 'Operator', 'id nisl venenatis lacinia aenean sit amet justo morbi ut odio cras mi pede malesuada in imperdiet et commodo vulputate justo in blandit ultrices', true, false, '2021-08-21');
insert into projects (id, title, description, public, active, created_at) values (6, 'Clinical Specialist', 'cras mi pede malesuada in imperdiet et commodo vulputate justo in blandit ultrices enim lorem ipsum dolor sit amet consectetuer adipiscing elit proin interdum mauris', false, true, '2021-01-31');
insert into projects (id, title, description, public, active, created_at) values (7, 'Chief Design Engineer', 'rhoncus sed vestibulum sit amet cursus id turpis integer aliquet massa id lobortis convallis tortor risus dapibus augue vel accumsan tellus nisi eu orci mauris lacinia', false, false, '2021-01-18');
insert into projects (id, title, description, public, active, created_at) values (8, 'VP Product Management', 'ut at dolor quis odio consequat varius integer ac leo pellentesque ultrices mattis odio donec vitae nisi', true, true, '2020-11-26');
insert into projects (id, title, description, public, active, created_at) values (9, 'VP Quality Control', 'mattis pulvinar nulla pede ullamcorper augue a suscipit nulla elit ac nulla sed vel enim sit amet nunc viverra dapibus nulla suscipit ligula in lacus curabitur at ipsum ac tellus semper interdum', true, true, '2021-11-17');
insert into projects (id, title, description, public, active, created_at) values (10, 'Associate Professor', 'aliquet at feugiat non pretium quis lectus suspendisse potenti in eleifend quam a odio in hac habitasse platea dictumst maecenas ut massa quis augue luctus tincidunt nulla mollis molestie lorem quisque ut erat curabitur gravida nisi', false, false, '2021-11-07');
insert into projects (id, title, description, public, active, created_at) values (11, 'Graphic Designer', 'in hac habitasse platea dictumst morbi vestibulum velit id pretium iaculis diam erat fermentum justo nec condimentum neque sapien placerat ante nulla', false, true, '2020-12-31');
insert into projects (id, title, description, public, active, created_at) values (12, 'Programmer Analyst III', 'morbi sem mauris laoreet ut rhoncus aliquet pulvinar sed nisl nunc rhoncus dui vel sem sed sagittis nam congue risus semper', false, true, '2020-12-07');
insert into projects (id, title, description, public, active, created_at) values (13, 'Help Desk Operator', 'in magna bibendum imperdiet nullam orci pede venenatis non sodales sed tincidunt eu felis fusce posuere felis sed lacus morbi sem mauris laoreet ut rhoncus aliquet pulvinar sed', false, true, '2021-04-17');
insert into projects (id, title, description, public, active, created_at) values (14, 'Help Desk Technician', 'in tempus sit amet sem fusce consequat nulla nisl nunc', false, true, '2020-12-26');
insert into projects (id, title, description, public, active, created_at) values (15, 'Editor', 'nam dui proin leo odio porttitor id consequat in consequat ut nulla sed accumsan felis ut at dolor quis odio consequat varius integer ac leo', false, true, '2021-02-21');
insert into projects (id, title, description, public, active, created_at) values (16, 'Health Coach III', 'integer a nibh in quis justo maecenas rhoncus aliquam lacus morbi quis tortor id nulla ultrices aliquet maecenas leo odio condimentum id luctus nec molestie sed justo pellentesque viverra pede ac diam cras', false, false, '2021-05-30');
insert into projects (id, title, description, public, active, created_at) values (17, 'GIS Technical Architect', 'nec nisi volutpat eleifend donec ut dolor morbi vel lectus in quam fringilla rhoncus mauris enim leo rhoncus sed vestibulum sit amet', true, false, '2021-05-30');
insert into projects (id, title, description, public, active, created_at) values (18, 'Programmer Analyst II', 'tortor risus dapibus augue vel accumsan tellus nisi eu orci mauris lacinia sapien quis libero nullam sit amet turpis elementum ligula vehicula consequat morbi a ipsum integer a nibh in quis justo maecenas rhoncus', false, false, '2021-08-12');
insert into projects (id, title, description, public, active, created_at) values (19, 'Computer Systems Analyst III', 'volutpat dui maecenas tristique est et tempus semper est quam pharetra magna ac consequat metus', true, true, '2021-09-20');
insert into projects (id, title, description, public, active, created_at) values (20, 'Electrical Engineer', 'massa quis augue luctus tincidunt nulla mollis molestie lorem quisque ut erat curabitur gravida nisi at nibh in hac habitasse platea dictumst aliquam augue quam sollicitudin vitae consectetuer eget rutrum at lorem integer tincidunt', false, false, '2021-03-26');


-- projectUsers (59)


insert into projectUsers (user_id, project_id, user_role) values (45, 15, 'GUEST');
insert into projectUsers (user_id, project_id, user_role) values (8, 11, 'GUEST');
insert into projectUsers (user_id, project_id, user_role) values (22, 1, 'MANAGER');
insert into projectUsers (user_id, project_id, user_role) values (5, 2, 'GUEST');
insert into projectUsers (user_id, project_id, user_role) values (9, 18, 'GUEST');
insert into projectUsers (user_id, project_id, user_role) values (19, 2, 'MEMBER');
insert into projectUsers (user_id, project_id, user_role) values (28, 19, 'MANAGER');
insert into projectUsers (user_id, project_id, user_role) values (32, 6, 'MANAGER');
insert into projectUsers (user_id, project_id, user_role) values (8, 19, 'MEMBER');
insert into projectUsers (user_id, project_id, user_role) values (27, 6, 'MANAGER');
insert into projectUsers (user_id, project_id, user_role) values (18, 16, 'GUEST');
insert into projectUsers (user_id, project_id, user_role) values (44, 16, 'MANAGER');
insert into projectUsers (user_id, project_id, user_role) values (33, 18, 'MANAGER');
insert into projectUsers (user_id, project_id, user_role) values (46, 7, 'MANAGER');
insert into projectUsers (user_id, project_id, user_role) values (10, 7, 'GUEST');
insert into projectUsers (user_id, project_id, user_role) values (25, 1, 'MEMBER');
insert into projectUsers (user_id, project_id, user_role) values (47, 4, 'MEMBER');
insert into projectUsers (user_id, project_id, user_role) values (14, 11, 'MANAGER');
insert into projectUsers (user_id, project_id, user_role) values (10, 13, 'MANAGER');
insert into projectUsers (user_id, project_id, user_role) values (37, 12, 'MANAGER');
insert into projectUsers (user_id, project_id, user_role) values (35, 7, 'MANAGER');
insert into projectUsers (user_id, project_id, user_role) values (18, 8, 'MANAGER');
insert into projectUsers (user_id, project_id, user_role) values (4, 16, 'MEMBER');
insert into projectUsers (user_id, project_id, user_role) values (34, 2, 'GUEST');
insert into projectUsers (user_id, project_id, user_role) values (36, 15, 'MEMBER');
insert into projectUsers (user_id, project_id, user_role) values (21, 3, 'MEMBER');
insert into projectUsers (user_id, project_id, user_role) values (7, 2, 'MANAGER');
insert into projectUsers (user_id, project_id, user_role) values (47, 16, 'MANAGER');
insert into projectUsers (user_id, project_id, user_role) values (28, 2, 'MEMBER');
insert into projectUsers (user_id, project_id, user_role) values (20, 16, 'MEMBER');
insert into projectUsers (user_id, project_id, user_role) values (43, 13, 'MANAGER');
insert into projectUsers (user_id, project_id, user_role) values (24, 12, 'MEMBER');
insert into projectUsers (user_id, project_id, user_role) values (26, 4, 'MEMBER');
insert into projectUsers (user_id, project_id, user_role) values (50, 15, 'GUEST');
insert into projectUsers (user_id, project_id, user_role) values (1, 13, 'MEMBER');
insert into projectUsers (user_id, project_id, user_role) values (47, 3, 'MANAGER');
insert into projectUsers (user_id, project_id, user_role) values (48, 10, 'MEMBER');
insert into projectUsers (user_id, project_id, user_role) values (17, 5, 'MANAGER');
insert into projectUsers (user_id, project_id, user_role) values (27, 14, 'GUEST');
insert into projectUsers (user_id, project_id, user_role) values (13, 12, 'GUEST');
insert into projectUsers (user_id, project_id, user_role) values (18, 20, 'MEMBER');
insert into projectUsers (user_id, project_id, user_role) values (8, 16, 'MEMBER');
insert into projectUsers (user_id, project_id, user_role) values (29, 20, 'GUEST');
insert into projectUsers (user_id, project_id, user_role) values (8, 13, 'MEMBER');
insert into projectUsers (user_id, project_id, user_role) values (30, 10, 'MEMBER');
insert into projectUsers (user_id, project_id, user_role) values (11, 4, 'MANAGER');
insert into projectUsers (user_id, project_id, user_role) values (34, 11, 'GUEST');
insert into projectUsers (user_id, project_id, user_role) values (46, 12, 'MEMBER');
insert into projectUsers (user_id, project_id, user_role) values (34, 14, 'GUEST');
insert into projectUsers (user_id, project_id, user_role) values (6, 2, 'MEMBER');
insert into projectUsers (user_id, project_id, user_role) values (11, 5, 'GUEST');
insert into projectUsers (user_id, project_id, user_role) values (50, 2, 'MEMBER');
insert into projectUsers (user_id, project_id, user_role) values (23, 20, 'MEMBER');
insert into projectUsers (user_id, project_id, user_role) values (28, 4, 'MANAGER');
insert into projectUsers (user_id, project_id, user_role) values (23, 15, 'GUEST');
insert into projectUsers (user_id, project_id, user_role) values (46, 19, 'GUEST');
insert into projectUsers (user_id, project_id, user_role) values (41, 20, 'MANAGER');
insert into projectUsers (user_id, project_id, user_role) values (14, 15, 'MEMBER');
insert into projectUsers (user_id, project_id, user_role) values (24, 8, 'MEMBER');


-- privateMessages (10)


insert into privateMessages (id, emitter_id, receiver_id, read, message, created_at) values (1, 46, 10, false, 'non mauris morbi non lectus aliquam sit amet diam in magna bibendum imperdiet nullam orci pede venenatis non sodales sed tincidunt eu felis fusce posuere felis sed', '2021-09-22');
insert into privateMessages (id, emitter_id, receiver_id, read, message, created_at) values (2, 10, 46, true, 'fermentum donec ut mauris eget massa tempor convallis nulla neque libero convallis eget eleifend luctus ultricies eu nibh quisque id justo sit amet sapien dignissim vestibulum vestibulum', '2021-03-17');
insert into privateMessages (id, emitter_id, receiver_id, read, message, created_at) values (3, 13, 24, true, 'platea dictumst morbi vestibulum velit id pretium iaculis diam erat fermentum justo', '2021-10-10');
insert into privateMessages (id, emitter_id, receiver_id, read, message, created_at) values (4, 24, 13, false, 'est congue elementum in hac habitasse platea dictumst morbi vestibulum velit id pretium iaculis diam erat fermentum justo nec condimentum neque sapien placerat ante nulla justo aliquam quis', '2021-04-08');
insert into privateMessages (id, emitter_id, receiver_id, read, message, created_at) values (5, 18, 41, true, 'aliquet maecenas leo odio condimentum id luctus nec molestie sed justo pellentesque', '2021-11-22');
insert into privateMessages (id, emitter_id, receiver_id, read, message, created_at) values (6, 41, 18, true, 'interdum mauris non ligula pellentesque ultrices phasellus id sapien in sapien iaculis congue vivamus metus arcu', '2020-10-16');
insert into privateMessages (id, emitter_id, receiver_id, read, message, created_at) values (7, 22, 25, false, 'vestibulum eget vulputate ut ultrices vel augue vestibulum ante ipsum', '2021-01-25');
insert into privateMessages (id, emitter_id, receiver_id, read, message, created_at) values (8, 25, 22, false, 'primis in faucibus orci luctus et ultrices posuere cubilia curae mauris viverra diam vitae quam suspendisse potenti nullam porttitor lacus at turpis donec posuere metus vitae ipsum aliquam non mauris', '2021-01-30');
insert into privateMessages (id, emitter_id, receiver_id, read, message, created_at) values (9, 18, 41, true, 'venenatis lacinia aenean sit amet justo morbi ut odio cras', '2021-06-29');
insert into privateMessages (id, emitter_id, receiver_id, read, message, created_at) values (10, 22, 25, false, 'id ornare imperdiet sapien urna pretium nisl ut volutpat sapien arcu sed augue', '2021-11-25');



-- favoriteProjects (20)

insert into favoriteProjects (user_id, project_id) values (45, 15);
insert into favoriteProjects (user_id, project_id) values (8, 11);
insert into favoriteProjects (user_id, project_id) values (22, 1);
insert into favoriteProjects (user_id, project_id) values (5, 2);
insert into favoriteProjects (user_id, project_id) values (9, 18);
insert into favoriteProjects (user_id, project_id) values (19, 2);
insert into favoriteProjects (user_id, project_id) values (28, 19);
insert into favoriteProjects (user_id, project_id) values (32, 6);
insert into favoriteProjects (user_id, project_id) values (8, 19);
insert into favoriteProjects (user_id, project_id) values (27, 6);
insert into favoriteProjects (user_id, project_id) values (18, 16);
insert into favoriteProjects (user_id, project_id) values (44, 16);
insert into favoriteProjects (user_id, project_id) values (33, 18);
insert into favoriteProjects (user_id, project_id) values (46, 7);
insert into favoriteProjects (user_id, project_id) values (10, 7);
insert into favoriteProjects (user_id, project_id) values (25, 1);
insert into favoriteProjects (user_id, project_id) values (47, 4);
insert into favoriteProjects (user_id, project_id) values (14, 11);
insert into favoriteProjects (user_id, project_id) values (10, 13);
insert into favoriteProjects (user_id, project_id) values (37, 12);


-- invitations (87)

insert into invitations (user_id, project_id, accept) values (45, 15, true);
insert into invitations (user_id, project_id, accept) values (8, 11, true);
insert into invitations (user_id, project_id, accept) values (22, 1, true);
insert into invitations (user_id, project_id, accept) values (5, 2, true);
insert into invitations (user_id, project_id, accept) values (9, 18, true);
insert into invitations (user_id, project_id, accept) values (19, 2, true);
insert into invitations (user_id, project_id, accept) values (28, 19, true);
insert into invitations (user_id, project_id, accept) values (32, 6, true);
insert into invitations (user_id, project_id, accept) values (8, 19, true);
insert into invitations (user_id, project_id, accept) values (27, 6, true);
insert into invitations (user_id, project_id, accept) values (18, 16, true);
insert into invitations (user_id, project_id, accept) values (44, 16, true);
insert into invitations (user_id, project_id, accept) values (33, 18, true);
insert into invitations (user_id, project_id, accept) values (46, 7, true);
insert into invitations (user_id, project_id, accept) values (10, 7, true);
insert into invitations (user_id, project_id, accept) values (25, 1, true);
insert into invitations (user_id, project_id, accept) values (47, 4, true);
insert into invitations (user_id, project_id, accept) values (14, 11, true);
insert into invitations (user_id, project_id, accept) values (10, 13, true);
insert into invitations (user_id, project_id, accept) values (37, 12, true);
insert into invitations (user_id, project_id, accept) values (35, 7, true);
insert into invitations (user_id, project_id, accept) values (18, 8, true);
insert into invitations (user_id, project_id, accept) values (4, 16, true);
insert into invitations (user_id, project_id, accept) values (34, 2, true);
insert into invitations (user_id, project_id, accept) values (36, 15, true);
insert into invitations (user_id, project_id, accept) values (21, 3, true);
insert into invitations (user_id, project_id, accept) values (7, 2, true);
insert into invitations (user_id, project_id, accept) values (47, 16, true);
insert into invitations (user_id, project_id, accept) values (28, 2, true);
insert into invitations (user_id, project_id, accept) values (20, 16, true);
insert into invitations (user_id, project_id, accept) values (43, 13, true);
insert into invitations (user_id, project_id, accept) values (24, 12, true);
insert into invitations (user_id, project_id, accept) values (26, 4, true);
insert into invitations (user_id, project_id, accept) values (50, 15, true);
insert into invitations (user_id, project_id, accept) values (1, 13, true);
insert into invitations (user_id, project_id, accept) values (47, 3, true);
insert into invitations (user_id, project_id, accept) values (48, 10, true);
insert into invitations (user_id, project_id, accept) values (17, 5, true);
insert into invitations (user_id, project_id, accept) values (27, 14, true);
insert into invitations (user_id, project_id, accept) values (13, 12, true);
insert into invitations (user_id, project_id, accept) values (18, 20, true);
insert into invitations (user_id, project_id, accept) values (8, 16, true);
insert into invitations (user_id, project_id, accept) values (29, 20, true);
insert into invitations (user_id, project_id, accept) values (8, 13, true);
insert into invitations (user_id, project_id, accept) values (30, 10, true);
insert into invitations (user_id, project_id, accept) values (11, 4, true);
insert into invitations (user_id, project_id, accept) values (34, 11, true);
insert into invitations (user_id, project_id, accept) values (46, 12, true);
insert into invitations (user_id, project_id, accept) values (34, 14, true);
insert into invitations (user_id, project_id, accept) values (6, 2, true);
insert into invitations (user_id, project_id, accept) values (11, 5, true);
insert into invitations (user_id, project_id, accept) values (50, 2, true);
insert into invitations (user_id, project_id, accept) values (23, 20, true);
insert into invitations (user_id, project_id, accept) values (28, 4, true);
insert into invitations (user_id, project_id, accept) values (23, 15, true);
insert into invitations (user_id, project_id, accept) values (46, 19, true);
insert into invitations (user_id, project_id, accept) values (41, 20, true);
insert into invitations (user_id, project_id, accept) values (14, 15, true);
insert into invitations (user_id, project_id, accept) values (24, 8, true);
insert into invitations (user_id, project_id, accept) values (36, 19, false);
insert into invitations (user_id, project_id, accept) values (20, 12, false);
insert into invitations (user_id, project_id, accept) values (30, 8, false);
insert into invitations (user_id, project_id, accept) values (48, 7, false);
insert into invitations (user_id, project_id, accept) values (27, 15, false);
insert into invitations (user_id, project_id, accept) values (36, 5, false);
insert into invitations (user_id, project_id, accept) values (34, 10, false);
insert into invitations (user_id, project_id, accept) values (50, 6, false);
insert into invitations (user_id, project_id, accept) values (33, 6, false);
insert into invitations (user_id, project_id, accept) values (3, 7, false);
insert into invitations (user_id, project_id, accept) values (35, 9, false);
insert into invitations (user_id, project_id, accept) values (46, 2, false);
insert into invitations (user_id, project_id, accept) values (10, 20, false);
insert into invitations (user_id, project_id, accept) values (13, 13, false);
insert into invitations (user_id, project_id, accept) values (47, 19, false);
insert into invitations (user_id, project_id, accept) values (41, 4, false);
insert into invitations (user_id, project_id, accept) values (6, 11, false);
insert into invitations (user_id, project_id, accept) values (4, 19, false);
insert into invitations (user_id, project_id, accept) values (14, 7, false);
insert into invitations (user_id, project_id, accept) values (34, 3, false);
insert into invitations (user_id, project_id, accept) values (21, 9, false);
insert into invitations (user_id, project_id, accept) values (19, 10, false);
insert into invitations (user_id, project_id, accept) values (32, 16, false);
insert into invitations (user_id, project_id, accept) values (2, 9, false);
insert into invitations (user_id, project_id, accept) values (3, 11, false);
insert into invitations (user_id, project_id, accept) values (28, 10, false);
insert into invitations (user_id, project_id, accept) values (23, 17, false);
insert into invitations (user_id, project_id, accept) values (48, 3, false);


--projectMessages (10)


insert into projectMessages (id, project_id, user_id, message, created_at) values (1, 1, 22, 'consectetuer adipiscing elit proin risus praesent lectus vestibulum quam sapien varius ut blandit non', '2021-01-20');
insert into projectMessages (id, project_id, user_id, message, created_at) values (2, 1, 25, 'erat volutpat in congue etiam justo etiam pretium iaculis justo in hac habitasse platea dictumst etiam faucibus cursus', '2021-10-07');
insert into projectMessages (id, project_id, user_id, message, created_at) values (3, 1, 22, 'nonummy maecenas tincidunt lacus at velit vivamus vel nulla eget eros', '2021-04-21');
insert into projectMessages (id, project_id, user_id, message, created_at) values (4, 1, 25, 'ipsum primis in faucibus orci luctus et ultrices posuere cubilia curae mauris viverra diam vitae quam suspendisse potenti nullam porttitor lacus at turpis donec posuere metus vitae ipsum aliquam non', '2021-09-26');
insert into projectMessages (id, project_id, user_id, message, created_at) values (5, 7, 46, 'ipsum primis in faucibus orci luctus et ultrices posuere cubilia curae nulla', '2021-05-18');
insert into projectMessages (id, project_id, user_id, message, created_at) values (6, 7, 35, 'ac neque duis bibendum morbi non quam nec dui luctus rutrum nulla tellus in sagittis dui', '2021-11-13');
insert into projectMessages (id, project_id, user_id, message, created_at) values (7, 7, 46, 'felis fusce posuere felis sed lacus morbi sem mauris laoreet ut rhoncus aliquet pulvinar sed', '2021-02-12');
insert into projectMessages (id, project_id, user_id, message, created_at) values (8, 7, 35, 'pretium nisl ut volutpat sapien arcu sed augue aliquam erat volutpat in congue etiam justo etiam pretium iaculis justo in hac habitasse platea dictumst etiam faucibus cursus urna ut tellus', '2021-08-29');
insert into projectMessages (id, project_id, user_id, message, created_at) values (9, 7, 46, 'in tempor turpis nec euismod scelerisque quam turpis adipiscing lorem vitae mattis nibh ligula nec sem duis aliquam convallis nunc proin', '2021-05-29');
insert into projectMessages (id, project_id, user_id, message, created_at) values (10, 8, 18, 'erat eros viverra eget congue eget semper rutrum nulla nunc purus phasellus', '2021-08-09');


-- projectFiles (20)


insert into projectFiles (id, project_id, updated_at, created_at, url) values (1, 7, '2020-10-01', '2020-11-15', '/odio.jpg');
insert into projectFiles (id, project_id, updated_at, created_at, url) values (2, 2, '2021-10-10', '2021-05-01', '/dui/proin/leo/odio/porttitor.json');
insert into projectFiles (id, project_id, updated_at, created_at, url) values (3, 3, '2021-06-03', '2021-05-12', '/id/pretium/iaculis/diam.html');
insert into projectFiles (id, project_id, updated_at, created_at, url) values (4, 15, '2021-10-24', '2021-08-22', '/congue.jpg');
insert into projectFiles (id, project_id, updated_at, created_at, url) values (5, 17, '2021-06-02', '2021-06-04', '/vestibulum/ante/ipsum/primis/in.jpg');
insert into projectFiles (id, project_id, updated_at, created_at, url) values (6, 4, '2021-01-23', '2021-06-11', '/dapibus/duis/at/velit/eu/est/congue.jpg');
insert into projectFiles (id, project_id, updated_at, created_at, url) values (7, 6, '2021-03-11', '2021-01-20', '/nullam/porttitor/lacus.jpg');
insert into projectFiles (id, project_id, updated_at, created_at, url) values (8, 15, '2021-07-06', '2020-10-31', '/cubilia.png');
insert into projectFiles (id, project_id, updated_at, created_at, url) values (9, 13, '2021-05-07', '2021-07-31', '/elit/ac/nulla/sed/vel/enim.xml');
insert into projectFiles (id, project_id, updated_at, created_at, url) values (10, 4, '2020-10-17', '2020-11-05', '/est/phasellus/sit/amet.js');
insert into projectFiles (id, project_id, updated_at, created_at, url) values (11, 4, '2021-03-06', '2020-11-09', '/eget/elit/sodales/scelerisque.json');
insert into projectFiles (id, project_id, updated_at, created_at, url) values (12, 18, '2021-11-15', '2021-03-05', '/lacinia/eget/tincidunt.html');
insert into projectFiles (id, project_id, updated_at, created_at, url) values (13, 10, '2020-11-30', '2020-12-29', '/proin/interdum/mauris/non/ligula/pellentesque.aspx');
insert into projectFiles (id, project_id, updated_at, created_at, url) values (14, 11, '2021-05-24', '2021-07-05', '/varius/integer/ac/leo/pellentesque/ultrices.jpg');
insert into projectFiles (id, project_id, updated_at, created_at, url) values (15, 13, '2021-02-12', '2021-10-18', '/convallis/morbi/odio/odio.js');
insert into projectFiles (id, project_id, updated_at, created_at, url) values (16, 1, '2021-06-24', '2021-06-25', '/sagittis/sapien/cum/sociis.jpg');
insert into projectFiles (id, project_id, updated_at, created_at, url) values (17, 13, '2021-05-04', '2021-11-19', '/dictumst/maecenas/ut.json');
insert into projectFiles (id, project_id, updated_at, created_at, url) values (18, 2, '2020-10-16', '2021-01-31', '/vitae/consectetuer/eget/rutrum/at/lorem.html');
insert into projectFiles (id, project_id, updated_at, created_at, url) values (19, 2, '2021-06-25', '2021-09-12', '/pulvinar/lobortis/est/phasellus/sit.js');
insert into projectFiles (id, project_id, updated_at, created_at, url) values (20, 2, '2021-06-04', '2020-12-04', '/mauris.js');


--reports (20)


insert into reports (id, user_id, text, report_type, report_state, reported_user_id, created_at) values (1, 6, 'et ultrices posuere cubilia curae nulla dapibus dolor vel est donec odio justo sollicitudin ut suscipit a feugiat et eros vestibulum ac est', 'BUG', 'PENDING', null, '2021-06-04');
insert into reports (id, user_id, text, report_type, report_state, reported_user_id, created_at) values (2, 25, 'ante vel ipsum praesent blandit lacinia erat vestibulum sed magna at nunc commodo placerat praesent blandit nam nulla integer pede justo lacinia eget tincidunt', 'BUG', 'BANNED', null, '2021-06-04');
insert into reports (id, user_id, text, report_type, report_state, reported_user_id, created_at) values (3, 19, 'in sapien iaculis congue vivamus metus arcu adipiscing molestie hendrerit at vulputate vitae nisl', 'BUG', 'BANNED', null, '2021-06-04');
insert into reports (id, user_id, text, report_type, report_state, reported_user_id, created_at) values (4, 27, 'volutpat in congue etiam justo etiam pretium iaculis justo in hac habitasse platea dictumst etiam faucibus cursus urna ut tellus nulla ut erat id mauris vulputate elementum nullam varius nulla', 'BUG', 'BANNED', null, '2021-06-04');
insert into reports (id, user_id, text, report_type, report_state, reported_user_id, created_at) values (5, 24, 'tincidunt eget tempus vel pede morbi porttitor lorem id ligula suspendisse ornare consequat lectus in est risus auctor sed tristique in tempus sit amet sem fusce', 'USER', 'IGNORED', 50, '2021-06-04');
insert into reports (id, user_id, text, report_type, report_state, reported_user_id, created_at) values (6, 25, 'maecenas ut massa quis augue luctus tincidunt nulla mollis molestie lorem quisque ut erat curabitur gravida nisi at', 'USER', 'PENDING', 12, '2021-06-04');
insert into reports (id, user_id, text, report_type, report_state, reported_user_id, created_at) values (7, 33, 'dui maecenas tristique est et tempus semper est quam pharetra magna', 'BUG', 'IGNORED', null, '2021-06-04');
insert into reports (id, user_id, text, report_type, report_state, reported_user_id, created_at) values (8, 15, 'eu nibh quisque id justo sit amet sapien dignissim vestibulum vestibulum ante ipsum primis in faucibus orci', 'USER', 'PENDING', 31, '2021-06-04');
insert into reports (id, user_id, text, report_type, report_state, reported_user_id, created_at) values (9, 32, 'ligula sit amet eleifend pede libero quis orci nullam molestie nibh in lectus pellentesque at nulla suspendisse potenti cras in purus', 'BUG', 'IGNORED', null, '2021-06-04');
insert into reports (id, user_id, text, report_type, report_state, reported_user_id, created_at) values (10, 24, 'tristique fusce congue diam id ornare imperdiet sapien urna pretium', 'BUG', 'BANNED', null, '2021-06-04');
insert into reports (id, user_id, text, report_type, report_state, reported_user_id, created_at) values (11, 8, 'sagittis nam congue risus semper porta volutpat quam pede lobortis ligula sit amet eleifend pede libero quis orci nullam', 'BUG', 'BANNED', null, '2021-06-04');
insert into reports (id, user_id, text, report_type, report_state, reported_user_id, created_at) values (12, 48, 'vestibulum velit id pretium iaculis diam erat fermentum justo nec condimentum neque sapien placerat ante nulla justo aliquam quis turpis eget elit sodales scelerisque mauris sit', 'USER', 'IGNORED', 1, '2021-06-04');
insert into reports (id, user_id, text, report_type, report_state, reported_user_id, created_at) values (13, 28, 'mauris viverra diam vitae quam suspendisse potenti nullam porttitor lacus at turpis donec posuere metus', 'BUG', 'BANNED', null, '2021-06-04');
insert into reports (id, user_id, text, report_type, report_state, reported_user_id, created_at) values (14, 40, 'vitae consectetuer eget rutrum at lorem integer tincidunt ante vel ipsum praesent blandit lacinia erat vestibulum sed magna at nunc commodo placerat praesent blandit nam nulla', 'USER', 'PENDING', 43, '2021-06-04');
insert into reports (id, user_id, text, report_type, report_state, reported_user_id, created_at) values (15, 38, 'nulla ultrices aliquet maecenas leo odio condimentum id luctus nec molestie sed justo pellentesque viverra pede ac diam cras pellentesque volutpat dui maecenas tristique est et', 'BUG', 'PENDING', null, '2021-06-04');
insert into reports (id, user_id, text, report_type, report_state, reported_user_id, created_at) values (16, 1, 'adipiscing elit proin risus praesent lectus vestibulum quam sapien varius ut blandit non', 'USER', 'PENDING', 18, '2021-06-04');
insert into reports (id, user_id, text, report_type, report_state, reported_user_id, created_at) values (17, 32, 'orci pede venenatis non sodales sed tincidunt eu felis fusce posuere felis sed lacus morbi sem mauris laoreet ut rhoncus aliquet pulvinar', 'USER', 'BANNED', 21, '2021-06-04');
insert into reports (id, user_id, text, report_type, report_state, reported_user_id, created_at) values (18, 36, 'odio condimentum id luctus nec molestie sed justo pellentesque viverra pede ac diam cras pellentesque volutpat dui maecenas tristique est et tempus semper est quam pharetra magna', 'BUG', 'BANNED', null, '2021-06-04');
insert into reports (id, user_id, text, report_type, report_state, reported_user_id, created_at) values (19, 3, 'elementum ligula vehicula consequat morbi a ipsum integer a nibh in quis justo maecenas rhoncus aliquam lacus morbi quis tortor id nulla ultrices aliquet maecenas leo odio condimentum id luctus', 'BUG', 'PENDING', null, '2021-06-04');
insert into reports (id, user_id, text, report_type, report_state, reported_user_id, created_at) values (20, 44, 'dolor vel est donec odio justo sollicitudin ut suscipit a feugiat et eros vestibulum ac est lacinia nisi venenatis tristique fusce congue diam id ornare imperdiet sapien urna pretium', 'USER', 'PENDING', 2, '2021-06-04');


-- tasks (50)


insert into tasks (id, creator_id, name, description, reminder_date, due_date, tag, project_id, created_at) values (1, 22, 'in faucibus orci luctus et ultrices posuere cubilia curae duis faucibus accumsan odio curabitur convallis duis consequat', 'odio cras mi pede malesuada in imperdiet et commodo vulputate justo in blandit ultrices enim lorem ipsum dolor sit amet', '2021-10-22', '2021-11-04', 'REVIEW', 1, '2021-10-01');
insert into tasks (id, creator_id, name, description, reminder_date, due_date, tag, project_id, created_at) values (2, 22, 'mi nulla ac enim in tempor turpis nec euismod scelerisque quam turpis adipiscing lorem vitae mattis nibh ligula nec sem duis aliquam convallis nunc proin at turpis a', 'non mauris morbi non lectus aliquam sit amet diam in magna bibendum imperdiet nullam orci pede venenatis non sodales sed tincidunt eu felis fusce', '2021-10-31', '2021-11-21', 'REVIEW', 1, '2021-10-04');
insert into tasks (id, creator_id, name, description, reminder_date, due_date, tag, project_id, created_at) values (3, 22, 'porta volutpat quam pede lobortis ligula sit amet eleifend pede libero quis orci nullam molestie nibh in lectus pellentesque', 'vulputate vitae nisl aenean lectus pellentesque eget nunc donec quis orci eget', '2021-10-21', '2021-11-08', 'CLOSED', 1, '2021-10-06');
insert into tasks (id, creator_id, name, description, reminder_date, due_date, tag, project_id, created_at) values (4, 35, 'tristique fusce congue diam id ornare imperdiet sapien urna pretium nisl ut volutpat sapien arcu sed augue aliquam erat volutpat in congue', 'at turpis donec posuere metus vitae ipsum aliquam non mauris morbi non lectus aliquam sit amet', '2021-10-23', '2021-11-23', 'REVIEW', 7, '2021-10-02');
insert into tasks (id, creator_id, name, description, reminder_date, due_date, tag, project_id, created_at) values (5, 35, 'phasellus sit amet erat nulla tempus vivamus in felis eu sapien cursus vestibulum proin eu mi nulla ac enim in tempor turpis', 'amet consectetuer adipiscing elit proin risus praesent lectus vestibulum quam sapien varius ut blandit non interdum in', '2021-10-29', '2021-11-20', 'REVIEW', 7, '2021-10-17');
insert into tasks (id, creator_id, name, description, reminder_date, due_date, tag, project_id, created_at) values (6, 35, 'vulputate justo in blandit ultrices enim lorem ipsum dolor sit amet consectetuer adipiscing elit', 'mattis odio donec vitae nisi nam ultrices libero non mattis pulvinar', '2021-10-25', '2021-11-08', 'CLOSED', 7, '2021-10-03');
insert into tasks (id, creator_id, name, description, reminder_date, due_date, tag, project_id, created_at) values (7, 41, 'est et tempus semper est quam pharetra magna ac consequat metus sapien ut nunc vestibulum ante ipsum primis in faucibus orci luctus et ultrices posuere', 'nullam molestie nibh in lectus pellentesque at nulla suspendisse potenti cras in purus eu magna vulputate luctus cum sociis natoque penatibus et magnis', '2021-10-25', '2021-11-21', 'REVIEW', 20, '2021-10-13');
insert into tasks (id, creator_id, name, description, reminder_date, due_date, tag, project_id, created_at) values (8, 41, 'et eros vestibulum ac est lacinia nisi venenatis tristique fusce congue diam id ornare imperdiet sapien urna pretium', 'integer pede justo lacinia eget tincidunt eget tempus vel pede morbi porttitor lorem id', '2021-10-24', '2021-11-16', 'DOING', 20, '2021-10-02');
insert into tasks (id, creator_id, name, description, reminder_date, due_date, tag, project_id, created_at) values (9, 41, 'lectus in est risus auctor sed tristique in tempus sit', 'praesent lectus vestibulum quam sapien varius ut blandit non interdum in ante vestibulum ante ipsum primis in faucibus orci luctus et ultrices posuere cubilia curae duis faucibus accumsan', '2021-10-23', '2021-11-24', 'REVIEW', 20, '2021-10-13');
insert into tasks (id, creator_id, name, description, reminder_date, due_date, tag, project_id, created_at) values (10, 22, 'vivamus metus arcu adipiscing molestie hendrerit at vulputate vitae nisl aenean lectus pellentesque eget nunc donec quis orci eget orci vehicula condimentum curabitur in', 'in faucibus orci luctus et ultrices posuere cubilia curae mauris viverra diam vitae quam suspendisse potenti nullam porttitor lacus at turpis', '2021-10-24', '2021-11-08', 'DOING', 1, '2021-10-01');


-- userAssigns (99)


insert into userAssigns (user_id, task_id) values (25, 1);
insert into userAssigns (user_id, task_id) values (22, 1);
insert into userAssigns (user_id, task_id) values (25, 2);
insert into userAssigns (user_id, task_id) values (22, 2);
insert into userAssigns (user_id, task_id) values (25, 3);
insert into userAssigns (user_id, task_id) values (22, 3);
insert into userAssigns (user_id, task_id) values (35, 4);
insert into userAssigns (user_id, task_id) values (46, 5);
insert into userAssigns (user_id, task_id) values (35, 5);
insert into userAssigns (user_id, task_id) values (46, 6);
insert into userAssigns (user_id, task_id) values (18, 7);
insert into userAssigns (user_id, task_id) values (23, 7);
insert into userAssigns (user_id, task_id) values (18, 8);
insert into userAssigns (user_id, task_id) values (22, 10);
insert into userAssigns (user_id, task_id) values (23, 9);


-- taskComments (100)


insert into taskComments (id, user_id, task_id, comment, created_at) values (1, 22, 1, 'suscipit ligula in lacus curabitur at ipsum ac tellus semper interdum mauris ullamcorper purus sit amet nulla quisque arcu libero rutrum ac lobortis vel dapibus at diam nam tristique tortor', '2021-10-06');
insert into taskComments (id, user_id, task_id, comment, created_at) values (2, 25, 3, 'lacus purus aliquet at feugiat non pretium quis lectus suspendisse potenti in eleifend quam a odio in hac habitasse platea dictumst maecenas ut massa quis augue luctus tincidunt nulla mollis', '2021-10-16');
insert into taskComments (id, user_id, task_id, comment, created_at) values (3, 35, 4, 'est phasellus sit amet erat nulla tempus vivamus in felis eu sapien cursus vestibulum proin eu mi nulla ac enim', '2021-10-14');
insert into taskComments (id, user_id, task_id, comment, created_at) values (4, 35, 5, 'sem praesent id massa id nisl venenatis lacinia aenean sit amet justo', '2021-10-01');
insert into taskComments (id, user_id, task_id, comment, created_at) values (5, 46, 6, 'vitae mattis nibh ligula nec sem duis aliquam convallis nunc proin at turpis a pede', '2021-10-04');
insert into taskComments (id, user_id, task_id, comment, created_at) values (6, 18, 7, 'eu sapien cursus vestibulum proin eu mi nulla ac enim in tempor turpis', '2021-10-09');
insert into taskComments (id, user_id, task_id, comment, created_at) values (7, 23, 7, 'consectetuer adipiscing elit proin interdum mauris non ligula pellentesque ultrices phasellus', '2021-10-01');
insert into taskComments (id, user_id, task_id, comment, created_at) values (8, 18, 8, 'in lectus pellentesque at nulla suspendisse potenti cras in purus', '2021-10-05');
insert into taskComments (id, user_id, task_id, comment, created_at) values (9, 23, 9, 'nulla suspendisse potenti cras in purus eu magna vulputate luctus cum sociis natoque penatibus et magnis dis parturient montes nascetur ridiculus mus vivamus vestibulum sagittis sapien cum sociis natoque penatibus', '2021-10-16');
insert into taskComments (id, user_id, task_id, comment, created_at) values (10, 22, 10, 'nulla sed accumsan felis ut at dolor quis odio consequat varius integer ac leo', '2021-10-02');
