--SET search_path TO myschema;

--users (50)

insert into users (id, username, fullname, email, password, img_url, is_admin) values (1, 'ggalbraith0', 'Giffer Galbraith', 'ggalbraith0@twitter.com', 'FwJ2i3', '/turpis/sed/ante.png', true);
insert into users (id, username, fullname, email, password, img_url, is_admin) values (2, 'rschrader1', null, 'dantoniottii1@fc2.com', 'aB32Xn', '/sociis/natoque.js', false);
insert into users (id, username, fullname, email, password, img_url, is_admin) values (3, 'lborth2', null, 'bmillea2@nyu.edu', 'Ex4fmYltJftf', '/vel/accumsan/tellus/nisi/eu.html', false);
insert into users (id, username, fullname, email, password, img_url, is_admin) values (4, 'dbaffin3', 'Dorian Baffin', 'dbaffin3@skyrock.com', 'UthkL3pn2f', '/ut/erat/id/mauris.html', true);
insert into users (id, username, fullname, email, password, img_url, is_admin) values (5, 'ddeval4', 'Dinny Deval', 'ddeval4@pcworld.com', 'uBEGOX3TL', '/felis/sed/lacus.jpg', false);
insert into users (id, username, fullname, email, password, img_url, is_admin) values (6, 'afilipponi5', 'Ardelia Filipponi', 'afilipponi5@histats.com', 'Xx6ACMa5', '/neque/libero/convallis/eget/eleifend/luctus.jpg', false);
insert into users (id, username, fullname, email, password, img_url, is_admin) values (7, 'asokale6', 'Averil Sokale', 'asokale6@simplemachines.org', 'TXRpr8jFF', '/dui/luctus/rutrum/nulla/tellus/in.js', false);
insert into users (id, username, fullname, email, password, img_url, is_admin) values (8, 'cdavidi7', 'Carolin Davidi', 'cdavidi7@discuz.net', 'J849rPT', '/nisl/ut.jsp', false);
insert into users (id, username, fullname, email, password, img_url, is_admin) values (9, 'eklyner8', null, 'dwinear8@fotki.com', 'BO2ed9Srkaj', '/faucibus.jsp', false);
insert into users (id, username, fullname, email, password, img_url, is_admin) values (10, 'dsurgenor9', null, 'cstores9@ifeng.com', '895H3CS80w', '/vulputate/justo/in.jsp', false);
insert into users (id, username, fullname, email, password, img_url, is_admin) values (11, 'mulyatta', 'Maddie Ulyatt', 'mulyatta@friendfeed.com', 'VbdPLh', '/arcu/adipiscing/molestie/hendrerit/at/vulputate.jsp', false);
insert into users (id, username, fullname, email, password, img_url, is_admin) values (12, 'sdawberyb', null, 'fnipperb@nydailynews.com', '6sMN4CfUA', '/libero/ut/massa.json', true);
insert into users (id, username, fullname, email, password, img_url, is_admin) values (13, 'sparnabyc', null, 'epiercec@jalbum.net', 'VbfTclOm7EV', '/cursus.jsp', false);
insert into users (id, username, fullname, email, password, img_url, is_admin) values (14, 'blillimand', 'Barbara-anne Lilliman', 'blillimand@sbwire.com', 'nPud8lt', '/est/congue/elementum/in/hac/habitasse/platea.jsp', true);
insert into users (id, username, fullname, email, password, img_url, is_admin) values (15, 'ldeignane', 'Luca Deignan', 'ldeignane@surveymonkey.com', 'qp38KHV5za', '/suscipit/ligula/in/lacus/curabitur/at.json', true);
insert into users (id, username, fullname, email, password, img_url, is_admin) values (16, 'jfrendf', 'Jinny Frend', 'jfrendf@creativecommons.org', 'Pn3NlXsMo6Lw', '/suscipit/a/feugiat/et/eros/vestibulum.xml', true);
insert into users (id, username, fullname, email, password, img_url, is_admin) values (17, 'dhuckerbyg', null, 'lculshawg@ucla.edu', 'Wo2ZVw', '/massa/id/lobortis/convallis/tortor.xml', true);
insert into users (id, username, fullname, email, password, img_url, is_admin) values (18, 'mshurrocksh', 'Marlee Shurrocks', 'mshurrocksh@guardian.co.uk', 'geEGkOV', '/pellentesque/volutpat/dui/maecenas.png', true);
insert into users (id, username, fullname, email, password, img_url, is_admin) values (19, 'dgosnelli', null, 'hknottei@t.co', '42JiT8yT', '/proin/leo/odio/porttitor.json', true);
insert into users (id, username, fullname, email, password, img_url, is_admin) values (20, 'aowthwaitej', null, 'amacwilliamj@bluehost.com', 'zlNvE1Cf', '/suspendisse/accumsan/tortor.html', true);
insert into users (id, username, fullname, email, password, img_url, is_admin) values (21, 'csouthamk', 'Cyb Southam', 'csouthamk@census.gov', 'rpwjOxEm', '/in/tempus/sit/amet.jsp', true);
insert into users (id, username, fullname, email, password, img_url, is_admin) values (22, 'morbonl', 'Myrta Orbon', 'morbonl@nbcnews.com', 'nPwUfWiydkI6', '/lectus/in/quam.jpg', true);
insert into users (id, username, fullname, email, password, img_url, is_admin) values (23, 'jaudissm', 'Johnnie Audiss', 'jaudissm@accuweather.com', 'h1uDWTTGdRH', '/vehicula/condimentum/curabitur/in/libero.aspx', false);
insert into users (id, username, fullname, email, password, img_url, is_admin) values (24, 'esaffen', null, 'slovedayn@ebay.com', 'et03i77exc', '/dolor/sit.png', false);
insert into users (id, username, fullname, email, password, img_url, is_admin) values (25, 'sharesnapeo', 'Stavros Haresnape', 'sharesnapeo@cbslocal.com', 'Z4ygQTVMZ5xB', '/sed/ante/vivamus/tortor.xml', true);
insert into users (id, username, fullname, email, password, img_url, is_admin) values (26, 'fratleep', 'Fiann Ratlee', 'fratleep@youtu.be', '4U1GOA', '/odio/in/hac/habitasse/platea/dictumst.jsp', false);
insert into users (id, username, fullname, email, password, img_url, is_admin) values (27, 'gmurcuttq', 'Gypsy Murcutt', 'gmurcuttq@japanpost.jp', '1qRdVg5h', '/curae/nulla/dapibus/dolor/vel/est/donec.jsp', true);
insert into users (id, username, fullname, email, password, img_url, is_admin) values (28, 'kpenniallr', 'Kayla Penniall', 'kpenniallr@mysql.com', 'c32i0GVs8', '/habitasse/platea/dictumst.json', true);
insert into users (id, username, fullname, email, password, img_url, is_admin) values (29, 'hbrackens', null, 'flipsetts@purevolume.com', 'jk8Hxqkzkk', '/lorem/ipsum.aspx', false);
insert into users (id, username, fullname, email, password, img_url, is_admin) values (30, 'bpeplayt', 'Brandie Peplay', 'bpeplayt@usatoday.com', 'eD4pkm', '/vel/lectus/in/quam/fringilla.js', true);
insert into users (id, username, fullname, email, password, img_url, is_admin) values (31, 'tshearu', 'Thia Shear', 'tshearu@istockphoto.com', 'plMDnAQn', '/orci/luctus/et/ultrices.html', false);
insert into users (id, username, fullname, email, password, img_url, is_admin) values (32, 'hyerringtonv', 'Halley Yerrington', 'hyerringtonv@unicef.org', 'a2ixned', '/dictumst.jsp', false);
insert into users (id, username, fullname, email, password, img_url, is_admin) values (33, 'alarriew', 'Ali Larrie', 'alarriew@163.com', 'qb5lwThH', '/justo/eu.html', true);
insert into users (id, username, fullname, email, password, img_url, is_admin) values (34, 'jmcgeeverx', 'Joachim McGeever', 'jmcgeeverx@jiathis.com', 'RNSe8wtSK8Ki', '/in.jsp', false);
insert into users (id, username, fullname, email, password, img_url, is_admin) values (35, 'mgittisy', null, 'omciany@dropbox.com', '4V43Tromn', '/primis/in/faucibus/orci/luctus/et/ultrices.png', true);
insert into users (id, username, fullname, email, password, img_url, is_admin) values (36, 'jsteggalsz', 'Jory Steggals', 'jsteggalsz@lulu.com', 'QcAPWKG', '/vel/augue/vestibulum/ante/ipsum/primis.aspx', false);
insert into users (id, username, fullname, email, password, img_url, is_admin) values (37, 'apantry10', null, 'rfolbigg10@java.com', 'dcwFf3', '/vestibulum/proin/eu.js', false);
insert into users (id, username, fullname, email, password, img_url, is_admin) values (38, 'ngrocock11', 'Nev Grocock', 'ngrocock11@miibeian.gov.cn', 'eTyROOZ3F', '/aenean/sit/amet.jsp', false);
insert into users (id, username, fullname, email, password, img_url, is_admin) values (39, 'rcrilly12', 'Rafaellle Crilly', 'rcrilly12@smugmug.com', 'JcHxdKJixGNt', '/arcu/adipiscing/molestie/hendrerit/at/vulputate.json', true);
insert into users (id, username, fullname, email, password, img_url, is_admin) values (40, 'rmackriell13', 'Rosamond Mackriell', 'rmackriell13@ucoz.com', 'o1TjyGDGUFAw', '/arcu/sed/augue/aliquam/erat/volutpat.json', false);
insert into users (id, username, fullname, email, password, img_url, is_admin) values (41, 'ofanning14', 'Olive Fanning', 'ofanning14@discuz.net', 'cTEIt7UvQnH', '/vel/sem/sed/sagittis/nam/congue.json', false);
insert into users (id, username, fullname, email, password, img_url, is_admin) values (42, 'tfollett15', 'Theresa Follett', 'tfollett15@bravesites.com', '9D4oJVm', '/mauris/laoreet/ut/rhoncus/aliquet/pulvinar/sed.js', true);
insert into users (id, username, fullname, email, password, img_url, is_admin) values (43, 'jruse16', null, 'hbetser16@cornell.edu', '0A0ZJSBbB', '/ridiculus/mus/vivamus.jsp', false);
insert into users (id, username, fullname, email, password, img_url, is_admin) values (44, 'fcayle17', 'Florencia Cayle', 'fcayle17@over-blog.com', 'Tw4X0tN', '/eget/congue/eget/semper/rutrum/nulla/nunc.aspx', false);
insert into users (id, username, fullname, email, password, img_url, is_admin) values (45, 'mseczyk18', null, 'jescofier18@facebook.com', 'ruaDVGeutw', '/tristique.jsp', true);
insert into users (id, username, fullname, email, password, img_url, is_admin) values (46, 'ncrosgrove19', null, 'gknappett19@ca.gov', 'T2vRo2ud', '/diam/erat/fermentum.jpg', false);
insert into users (id, username, fullname, email, password, img_url, is_admin) values (47, 'bburds1a', null, 'emcevay1a@ucoz.ru', 'qeDhQPQyw67z', '/leo/pellentesque/ultrices.xml', false);
insert into users (id, username, fullname, email, password, img_url, is_admin) values (48, 'kupson1b', 'Kerstin Upson', 'kupson1b@usatoday.com', 'OfKVu6vpq5J', '/sit.jsp', false);
insert into users (id, username, fullname, email, password, img_url, is_admin) values (49, 'hchisholme1c', null, 'foloshin1c@about.me', 'PpLMGAX4hRz', '/lobortis/convallis/tortor/risus.aspx', false);
insert into users (id, username, fullname, email, password, img_url, is_admin) values (50, 'nfrede1d', null, 'etebboth1d@wix.com', 'aZ545r', '/in.html', false);


-- privateMessages (100)


insert into privateMessages (id, emitter_id, receiver_id, read, message, created_at) values (1, 19, 3, false, 'non mauris morbi non lectus aliquam sit amet diam in magna bibendum imperdiet nullam orci pede venenatis non sodales sed tincidunt eu felis fusce posuere felis sed', '2021-09-22');
insert into privateMessages (id, emitter_id, receiver_id, read, message, created_at) values (2, 1, 26, true, 'fermentum donec ut mauris eget massa tempor convallis nulla neque libero convallis eget eleifend luctus ultricies eu nibh quisque id justo sit amet sapien dignissim vestibulum vestibulum', '2021-03-17');
insert into privateMessages (id, emitter_id, receiver_id, read, message, created_at) values (3, 4, 45, true, 'platea dictumst morbi vestibulum velit id pretium iaculis diam erat fermentum justo', '2021-10-10');
insert into privateMessages (id, emitter_id, receiver_id, read, message, created_at) values (4, 4, 49, false, 'est congue elementum in hac habitasse platea dictumst morbi vestibulum velit id pretium iaculis diam erat fermentum justo nec condimentum neque sapien placerat ante nulla justo aliquam quis', '2021-04-08');
insert into privateMessages (id, emitter_id, receiver_id, read, message, created_at) values (5, 7, 42, true, 'aliquet maecenas leo odio condimentum id luctus nec molestie sed justo pellentesque', '2021-11-22');
insert into privateMessages (id, emitter_id, receiver_id, read, message, created_at) values (6, 14, 35, true, 'interdum mauris non ligula pellentesque ultrices phasellus id sapien in sapien iaculis congue vivamus metus arcu', '2020-10-16');
insert into privateMessages (id, emitter_id, receiver_id, read, message, created_at) values (7, 10, 41, false, 'vestibulum eget vulputate ut ultrices vel augue vestibulum ante ipsum', '2021-01-25');
insert into privateMessages (id, emitter_id, receiver_id, read, message, created_at) values (8, 50, 16, false, 'primis in faucibus orci luctus et ultrices posuere cubilia curae mauris viverra diam vitae quam suspendisse potenti nullam porttitor lacus at turpis donec posuere metus vitae ipsum aliquam non mauris', '2021-01-30');
insert into privateMessages (id, emitter_id, receiver_id, read, message, created_at) values (9, 29, 29, true, 'venenatis lacinia aenean sit amet justo morbi ut odio cras', '2021-06-29');
insert into privateMessages (id, emitter_id, receiver_id, read, message, created_at) values (10, 33, 50, false, 'id ornare imperdiet sapien urna pretium nisl ut volutpat sapien arcu sed augue', '2021-11-25');
insert into privateMessages (id, emitter_id, receiver_id, read, message, created_at) values (11, 34, 43, true, 'dui luctus rutrum nulla tellus in sagittis dui vel nisl duis ac nibh fusce lacus purus aliquet at feugiat non pretium quis lectus suspendisse', '2021-05-18');
insert into privateMessages (id, emitter_id, receiver_id, read, message, created_at) values (12, 40, 42, false, 'consequat lectus in est risus auctor sed tristique in tempus sit amet sem fusce consequat nulla nisl', '2021-08-31');
insert into privateMessages (id, emitter_id, receiver_id, read, message, created_at) values (13, 44, 24, true, 'cras mi pede malesuada in imperdiet et commodo vulputate justo in blandit ultrices enim lorem ipsum dolor sit amet consectetuer adipiscing elit proin interdum mauris', '2021-10-20');
insert into privateMessages (id, emitter_id, receiver_id, read, message, created_at) values (14, 31, 16, false, 'consequat lectus in est risus auctor sed tristique in tempus sit amet sem fusce consequat nulla nisl nunc nisl duis bibendum felis sed interdum venenatis turpis', '2021-01-10');
insert into privateMessages (id, emitter_id, receiver_id, read, message, created_at) values (15, 19, 22, true, 'sapien cum sociis natoque penatibus et magnis dis parturient montes nascetur ridiculus mus etiam vel augue vestibulum rutrum rutrum neque aenean auctor gravida sem', '2021-06-10');
insert into privateMessages (id, emitter_id, receiver_id, read, message, created_at) values (16, 13, 18, false, 'pretium iaculis diam erat fermentum justo nec condimentum neque sapien placerat ante nulla', '2021-10-27');
insert into privateMessages (id, emitter_id, receiver_id, read, message, created_at) values (17, 9, 35, true, 'sollicitudin mi sit amet lobortis sapien sapien non mi integer ac neque duis bibendum morbi non quam nec dui luctus rutrum nulla tellus in', '2021-03-02');
insert into privateMessages (id, emitter_id, receiver_id, read, message, created_at) values (18, 36, 29, true, 'hendrerit at vulputate vitae nisl aenean lectus pellentesque eget nunc donec quis orci eget', '2020-10-09');
insert into privateMessages (id, emitter_id, receiver_id, read, message, created_at) values (19, 31, 29, false, 'mauris viverra diam vitae quam suspendisse potenti nullam porttitor lacus at turpis donec', '2020-12-16');
insert into privateMessages (id, emitter_id, receiver_id, read, message, created_at) values (20, 21, 4, false, 'volutpat erat quisque erat eros viverra eget congue eget semper rutrum nulla nunc purus phasellus in felis donec semper sapien a', '2020-11-04');
insert into privateMessages (id, emitter_id, receiver_id, read, message, created_at) values (21, 21, 33, false, 'duis faucibus accumsan odio curabitur convallis duis consequat dui nec nisi volutpat eleifend donec ut dolor morbi vel lectus in quam fringilla rhoncus mauris enim leo', '2021-05-15');
insert into privateMessages (id, emitter_id, receiver_id, read, message, created_at) values (22, 39, 24, false, 'nisl nunc nisl duis bibendum felis sed interdum venenatis turpis enim blandit mi in porttitor pede', '2020-10-27');
insert into privateMessages (id, emitter_id, receiver_id, read, message, created_at) values (23, 43, 34, false, 'pretium nisl ut volutpat sapien arcu sed augue aliquam erat volutpat in congue etiam justo etiam pretium iaculis justo', '2021-06-18');
insert into privateMessages (id, emitter_id, receiver_id, read, message, created_at) values (24, 9, 18, true, 'ipsum dolor sit amet consectetuer adipiscing elit proin risus praesent', '2021-05-23');
insert into privateMessages (id, emitter_id, receiver_id, read, message, created_at) values (25, 50, 50, true, 'mattis egestas metus aenean fermentum donec ut mauris eget massa tempor convallis nulla neque libero convallis eget eleifend luctus ultricies eu nibh quisque id justo sit amet', '2021-05-17');
insert into privateMessages (id, emitter_id, receiver_id, read, message, created_at) values (26, 41, 15, true, 'donec diam neque vestibulum eget vulputate ut ultrices vel augue vestibulum ante ipsum primis in faucibus orci luctus et ultrices posuere cubilia', '2020-12-27');
insert into privateMessages (id, emitter_id, receiver_id, read, message, created_at) values (27, 18, 21, false, 'mauris sit amet eros suspendisse accumsan tortor quis turpis sed ante vivamus tortor duis mattis egestas metus', '2021-11-24');
insert into privateMessages (id, emitter_id, receiver_id, read, message, created_at) values (28, 10, 14, false, 'aliquet maecenas leo odio condimentum id luctus nec molestie sed justo pellentesque viverra pede ac diam cras pellentesque volutpat', '2021-08-09');
insert into privateMessages (id, emitter_id, receiver_id, read, message, created_at) values (29, 38, 16, true, 'molestie lorem quisque ut erat curabitur gravida nisi at nibh in hac habitasse platea dictumst aliquam augue quam sollicitudin vitae consectetuer', '2021-11-28');
insert into privateMessages (id, emitter_id, receiver_id, read, message, created_at) values (30, 3, 4, false, 'nisl aenean lectus pellentesque eget nunc donec quis orci eget orci vehicula', '2021-04-25');
insert into privateMessages (id, emitter_id, receiver_id, read, message, created_at) values (31, 20, 48, true, 'in lectus pellentesque at nulla suspendisse potenti cras in purus eu', '2021-05-20');
insert into privateMessages (id, emitter_id, receiver_id, read, message, created_at) values (32, 50, 10, false, 'tristique fusce congue diam id ornare imperdiet sapien urna pretium nisl', '2021-07-17');
insert into privateMessages (id, emitter_id, receiver_id, read, message, created_at) values (33, 29, 4, false, 'lacinia aenean sit amet justo morbi ut odio cras mi pede malesuada in imperdiet et commodo vulputate justo in blandit ultrices enim', '2021-09-23');
insert into privateMessages (id, emitter_id, receiver_id, read, message, created_at) values (34, 19, 38, true, 'volutpat quam pede lobortis ligula sit amet eleifend pede libero quis orci nullam molestie nibh in lectus pellentesque at', '2021-01-18');
insert into privateMessages (id, emitter_id, receiver_id, read, message, created_at) values (35, 15, 23, false, 'auctor sed tristique in tempus sit amet sem fusce consequat nulla nisl nunc nisl duis bibendum felis sed interdum venenatis turpis enim blandit mi in porttitor pede justo', '2021-09-18');
insert into privateMessages (id, emitter_id, receiver_id, read, message, created_at) values (36, 33, 21, true, 'luctus ultricies eu nibh quisque id justo sit amet sapien', '2021-05-07');
insert into privateMessages (id, emitter_id, receiver_id, read, message, created_at) values (37, 47, 26, true, 'vitae mattis nibh ligula nec sem duis aliquam convallis nunc proin at turpis a pede posuere nonummy integer non velit donec diam neque vestibulum eget vulputate', '2021-08-19');
insert into privateMessages (id, emitter_id, receiver_id, read, message, created_at) values (38, 29, 8, false, 'amet lobortis sapien sapien non mi integer ac neque duis bibendum morbi non quam nec dui luctus rutrum nulla tellus in sagittis dui vel nisl duis ac nibh', '2020-10-25');
insert into privateMessages (id, emitter_id, receiver_id, read, message, created_at) values (39, 13, 38, true, 'libero convallis eget eleifend luctus ultricies eu nibh quisque id justo sit amet sapien dignissim vestibulum vestibulum ante ipsum primis in', '2021-03-11');
insert into privateMessages (id, emitter_id, receiver_id, read, message, created_at) values (40, 24, 49, true, 'orci luctus et ultrices posuere cubilia curae nulla dapibus dolor vel est donec odio justo sollicitudin ut suscipit a feugiat et eros vestibulum ac est', '2021-01-12');
insert into privateMessages (id, emitter_id, receiver_id, read, message, created_at) values (41, 38, 2, false, 'posuere cubilia curae mauris viverra diam vitae quam suspendisse potenti nullam porttitor lacus at turpis donec posuere metus vitae ipsum aliquam non mauris morbi', '2021-06-29');
insert into privateMessages (id, emitter_id, receiver_id, read, message, created_at) values (42, 41, 7, false, 'vulputate vitae nisl aenean lectus pellentesque eget nunc donec quis orci eget orci vehicula', '2021-10-31');
insert into privateMessages (id, emitter_id, receiver_id, read, message, created_at) values (43, 33, 21, true, 'vestibulum ante ipsum primis in faucibus orci luctus et ultrices', '2021-06-09');
insert into privateMessages (id, emitter_id, receiver_id, read, message, created_at) values (44, 43, 29, true, 'orci luctus et ultrices posuere cubilia curae mauris viverra diam vitae quam suspendisse potenti nullam porttitor lacus at turpis donec posuere metus vitae ipsum aliquam non mauris morbi non lectus', '2020-12-21');
insert into privateMessages (id, emitter_id, receiver_id, read, message, created_at) values (45, 23, 35, false, 'volutpat erat quisque erat eros viverra eget congue eget semper rutrum nulla nunc purus phasellus in felis', '2020-12-11');
insert into privateMessages (id, emitter_id, receiver_id, read, message, created_at) values (46, 44, 13, false, 'eget massa tempor convallis nulla neque libero convallis eget eleifend luctus ultricies eu nibh quisque id justo sit amet sapien', '2020-10-31');
insert into privateMessages (id, emitter_id, receiver_id, read, message, created_at) values (47, 43, 24, false, 'aliquet massa id lobortis convallis tortor risus dapibus augue vel accumsan tellus nisi eu orci mauris lacinia sapien quis libero nullam sit amet turpis elementum ligula vehicula consequat morbi', '2021-07-18');
insert into privateMessages (id, emitter_id, receiver_id, read, message, created_at) values (48, 30, 40, false, 'imperdiet et commodo vulputate justo in blandit ultrices enim lorem ipsum dolor sit amet consectetuer adipiscing elit proin interdum mauris non ligula pellentesque ultrices phasellus id sapien in sapien', '2020-10-04');
insert into privateMessages (id, emitter_id, receiver_id, read, message, created_at) values (49, 28, 32, false, 'risus semper porta volutpat quam pede lobortis ligula sit amet eleifend pede libero quis orci nullam molestie nibh in lectus pellentesque at', '2021-04-11');
insert into privateMessages (id, emitter_id, receiver_id, read, message, created_at) values (50, 28, 33, true, 'nec euismod scelerisque quam turpis adipiscing lorem vitae mattis nibh ligula nec sem duis aliquam convallis nunc proin at turpis a pede posuere nonummy integer non velit donec diam neque', '2020-11-17');
insert into privateMessages (id, emitter_id, receiver_id, read, message, created_at) values (51, 36, 21, false, 'quam a odio in hac habitasse platea dictumst maecenas ut massa quis augue luctus tincidunt nulla mollis molestie lorem quisque ut erat curabitur gravida nisi', '2021-06-12');
insert into privateMessages (id, emitter_id, receiver_id, read, message, created_at) values (52, 32, 40, false, 'in sapien iaculis congue vivamus metus arcu adipiscing molestie hendrerit at vulputate vitae nisl aenean lectus pellentesque eget nunc donec quis orci eget orci vehicula condimentum curabitur in libero ut', '2021-10-29');
insert into privateMessages (id, emitter_id, receiver_id, read, message, created_at) values (53, 16, 6, true, 'sagittis dui vel nisl duis ac nibh fusce lacus purus aliquet at feugiat non pretium quis lectus suspendisse potenti in eleifend quam a odio in hac habitasse platea dictumst maecenas', '2021-04-01');
insert into privateMessages (id, emitter_id, receiver_id, read, message, created_at) values (54, 46, 49, false, 'cubilia curae duis faucibus accumsan odio curabitur convallis duis consequat dui nec', '2020-10-23');
insert into privateMessages (id, emitter_id, receiver_id, read, message, created_at) values (55, 7, 23, false, 'scelerisque quam turpis adipiscing lorem vitae mattis nibh ligula nec sem duis aliquam convallis nunc proin at turpis a pede posuere nonummy integer non velit donec diam', '2021-03-10');
insert into privateMessages (id, emitter_id, receiver_id, read, message, created_at) values (56, 25, 15, false, 'cursus id turpis integer aliquet massa id lobortis convallis tortor risus', '2020-12-03');
insert into privateMessages (id, emitter_id, receiver_id, read, message, created_at) values (57, 41, 36, false, 'libero nullam sit amet turpis elementum ligula vehicula consequat morbi a ipsum integer a nibh in quis justo maecenas', '2020-10-30');
insert into privateMessages (id, emitter_id, receiver_id, read, message, created_at) values (58, 33, 10, true, 'id consequat in consequat ut nulla sed accumsan felis ut at dolor quis odio consequat varius integer ac leo pellentesque ultrices mattis odio donec vitae nisi nam ultrices libero', '2021-01-25');
insert into privateMessages (id, emitter_id, receiver_id, read, message, created_at) values (59, 48, 43, true, 'montes nascetur ridiculus mus etiam vel augue vestibulum rutrum rutrum neque aenean auctor gravida sem praesent id massa id nisl venenatis lacinia aenean sit amet justo', '2021-06-24');
insert into privateMessages (id, emitter_id, receiver_id, read, message, created_at) values (60, 42, 25, true, 'proin eu mi nulla ac enim in tempor turpis nec euismod scelerisque quam turpis adipiscing lorem vitae mattis nibh ligula nec sem duis aliquam convallis nunc proin at turpis a', '2021-04-06');
insert into privateMessages (id, emitter_id, receiver_id, read, message, created_at) values (61, 36, 18, true, 'dui proin leo odio porttitor id consequat in consequat ut nulla sed accumsan felis ut at dolor quis odio consequat varius', '2021-10-03');
insert into privateMessages (id, emitter_id, receiver_id, read, message, created_at) values (62, 22, 5, true, 'suspendisse ornare consequat lectus in est risus auctor sed tristique in tempus', '2021-01-16');
insert into privateMessages (id, emitter_id, receiver_id, read, message, created_at) values (63, 34, 27, false, 'posuere cubilia curae donec pharetra magna vestibulum aliquet ultrices erat', '2021-06-12');
insert into privateMessages (id, emitter_id, receiver_id, read, message, created_at) values (64, 8, 17, true, 'ut suscipit a feugiat et eros vestibulum ac est lacinia nisi venenatis tristique', '2021-05-05');
insert into privateMessages (id, emitter_id, receiver_id, read, message, created_at) values (65, 1, 13, true, 'sagittis dui vel nisl duis ac nibh fusce lacus purus aliquet at feugiat non pretium quis lectus suspendisse potenti', '2021-04-26');
insert into privateMessages (id, emitter_id, receiver_id, read, message, created_at) values (66, 2, 33, true, 'parturient montes nascetur ridiculus mus etiam vel augue vestibulum rutrum rutrum neque', '2020-11-19');
insert into privateMessages (id, emitter_id, receiver_id, read, message, created_at) values (67, 38, 2, false, 'sapien non mi integer ac neque duis bibendum morbi non quam nec dui luctus rutrum nulla tellus in sagittis dui vel nisl duis', '2021-07-09');
insert into privateMessages (id, emitter_id, receiver_id, read, message, created_at) values (68, 35, 1, false, 'orci mauris lacinia sapien quis libero nullam sit amet turpis elementum ligula', '2021-08-16');
insert into privateMessages (id, emitter_id, receiver_id, read, message, created_at) values (69, 41, 26, true, 'dui vel nisl duis ac nibh fusce lacus purus aliquet at feugiat non pretium quis', '2021-06-13');
insert into privateMessages (id, emitter_id, receiver_id, read, message, created_at) values (70, 47, 15, false, 'diam in magna bibendum imperdiet nullam orci pede venenatis non sodales sed tincidunt eu felis', '2021-08-07');
insert into privateMessages (id, emitter_id, receiver_id, read, message, created_at) values (71, 18, 33, false, 'pulvinar sed nisl nunc rhoncus dui vel sem sed sagittis nam congue', '2021-07-26');
insert into privateMessages (id, emitter_id, receiver_id, read, message, created_at) values (72, 7, 44, false, 'lobortis ligula sit amet eleifend pede libero quis orci nullam molestie nibh in lectus pellentesque at nulla suspendisse potenti cras in', '2021-01-21');
insert into privateMessages (id, emitter_id, receiver_id, read, message, created_at) values (73, 3, 7, false, 'eget rutrum at lorem integer tincidunt ante vel ipsum praesent blandit lacinia erat vestibulum sed magna at', '2021-09-13');
insert into privateMessages (id, emitter_id, receiver_id, read, message, created_at) values (74, 46, 31, false, 'nunc rhoncus dui vel sem sed sagittis nam congue risus semper porta volutpat quam pede lobortis ligula sit amet eleifend pede libero quis orci nullam molestie', '2021-03-14');
insert into privateMessages (id, emitter_id, receiver_id, read, message, created_at) values (75, 37, 5, true, 'tincidunt in leo maecenas pulvinar lobortis est phasellus sit amet', '2021-04-04');
insert into privateMessages (id, emitter_id, receiver_id, read, message, created_at) values (76, 23, 18, false, 'justo morbi ut odio cras mi pede malesuada in imperdiet et commodo vulputate justo in blandit ultrices enim lorem ipsum dolor sit', '2021-02-28');
insert into privateMessages (id, emitter_id, receiver_id, read, message, created_at) values (77, 47, 17, false, 'id justo sit amet sapien dignissim vestibulum vestibulum ante ipsum primis in faucibus orci luctus et ultrices posuere cubilia curae nulla dapibus dolor vel', '2021-06-16');
insert into privateMessages (id, emitter_id, receiver_id, read, message, created_at) values (78, 41, 24, false, 'in lectus pellentesque at nulla suspendisse potenti cras in purus eu magna vulputate luctus cum sociis natoque penatibus et magnis dis parturient montes nascetur ridiculus', '2020-11-14');
insert into privateMessages (id, emitter_id, receiver_id, read, message, created_at) values (79, 19, 4, true, 'vulputate ut ultrices vel augue vestibulum ante ipsum primis in faucibus orci luctus et', '2021-02-01');
insert into privateMessages (id, emitter_id, receiver_id, read, message, created_at) values (80, 9, 30, true, 'at vulputate vitae nisl aenean lectus pellentesque eget nunc donec quis orci eget orci vehicula condimentum curabitur in libero ut massa volutpat convallis morbi odio odio elementum', '2021-10-11');
insert into privateMessages (id, emitter_id, receiver_id, read, message, created_at) values (81, 40, 12, false, 'massa donec dapibus duis at velit eu est congue elementum in hac habitasse platea dictumst morbi vestibulum velit id pretium iaculis diam erat fermentum justo', '2021-06-24');
insert into privateMessages (id, emitter_id, receiver_id, read, message, created_at) values (82, 9, 7, false, 'nam dui proin leo odio porttitor id consequat in consequat ut nulla', '2021-02-13');
insert into privateMessages (id, emitter_id, receiver_id, read, message, created_at) values (83, 19, 1, true, 'massa donec dapibus duis at velit eu est congue elementum in hac habitasse platea dictumst morbi vestibulum', '2021-09-23');
insert into privateMessages (id, emitter_id, receiver_id, read, message, created_at) values (84, 30, 1, true, 'augue a suscipit nulla elit ac nulla sed vel enim sit amet nunc viverra dapibus nulla suscipit ligula in lacus curabitur at ipsum ac tellus semper', '2021-10-22');
insert into privateMessages (id, emitter_id, receiver_id, read, message, created_at) values (85, 1, 5, true, 'consectetuer eget rutrum at lorem integer tincidunt ante vel ipsum', '2021-01-03');
insert into privateMessages (id, emitter_id, receiver_id, read, message, created_at) values (86, 18, 9, false, 'dictumst etiam faucibus cursus urna ut tellus nulla ut erat id', '2021-05-11');
insert into privateMessages (id, emitter_id, receiver_id, read, message, created_at) values (87, 21, 41, false, 'donec ut dolor morbi vel lectus in quam fringilla rhoncus mauris enim leo rhoncus sed vestibulum sit amet cursus id turpis integer aliquet massa id', '2021-09-30');
insert into privateMessages (id, emitter_id, receiver_id, read, message, created_at) values (88, 9, 19, false, 'dui nec nisi volutpat eleifend donec ut dolor morbi vel lectus', '2021-10-03');
insert into privateMessages (id, emitter_id, receiver_id, read, message, created_at) values (89, 13, 31, true, 'natoque penatibus et magnis dis parturient montes nascetur ridiculus mus etiam vel augue vestibulum rutrum rutrum neque aenean auctor gravida sem praesent id', '2020-11-10');
insert into privateMessages (id, emitter_id, receiver_id, read, message, created_at) values (90, 20, 33, true, 'id turpis integer aliquet massa id lobortis convallis tortor risus dapibus augue vel accumsan tellus nisi eu orci mauris lacinia sapien quis libero nullam sit amet turpis elementum ligula', '2020-11-29');
insert into privateMessages (id, emitter_id, receiver_id, read, message, created_at) values (91, 8, 17, true, 'gravida sem praesent id massa id nisl venenatis lacinia aenean sit amet justo', '2021-03-17');
insert into privateMessages (id, emitter_id, receiver_id, read, message, created_at) values (92, 42, 14, false, 'justo pellentesque viverra pede ac diam cras pellentesque volutpat dui maecenas tristique est et tempus semper est quam pharetra magna', '2020-12-09');
insert into privateMessages (id, emitter_id, receiver_id, read, message, created_at) values (93, 5, 13, true, 'sed vel enim sit amet nunc viverra dapibus nulla suscipit ligula in lacus curabitur at ipsum ac tellus semper interdum mauris', '2021-02-04');
insert into privateMessages (id, emitter_id, receiver_id, read, message, created_at) values (94, 16, 3, true, 'accumsan tellus nisi eu orci mauris lacinia sapien quis libero nullam sit amet turpis elementum ligula vehicula consequat morbi a ipsum integer a nibh in quis justo maecenas rhoncus', '2021-06-21');
insert into privateMessages (id, emitter_id, receiver_id, read, message, created_at) values (95, 21, 21, true, 'elementum in hac habitasse platea dictumst morbi vestibulum velit id pretium iaculis diam erat fermentum justo nec', '2021-01-06');
insert into privateMessages (id, emitter_id, receiver_id, read, message, created_at) values (96, 43, 49, true, 'nullam orci pede venenatis non sodales sed tincidunt eu felis fusce posuere', '2020-12-24');
insert into privateMessages (id, emitter_id, receiver_id, read, message, created_at) values (97, 21, 41, false, 'mollis molestie lorem quisque ut erat curabitur gravida nisi at nibh in hac habitasse platea dictumst aliquam augue quam sollicitudin vitae consectetuer eget rutrum at lorem integer tincidunt ante', '2021-01-03');
insert into privateMessages (id, emitter_id, receiver_id, read, message, created_at) values (98, 26, 31, true, 'in tempor turpis nec euismod scelerisque quam turpis adipiscing lorem vitae mattis nibh ligula nec sem duis aliquam convallis nunc proin at turpis a pede posuere nonummy integer non', '2021-07-24');
insert into privateMessages (id, emitter_id, receiver_id, read, message, created_at) values (99, 23, 49, true, 'morbi quis tortor id nulla ultrices aliquet maecenas leo odio condimentum id luctus', '2021-08-21');
insert into privateMessages (id, emitter_id, receiver_id, read, message, created_at) values (100, 23, 21, false, 'nulla nisl nunc nisl duis bibendum felis sed interdum venenatis turpis enim blandit mi in porttitor pede justo eu massa donec dapibus duis at velit eu', '2021-03-13');


-- projects (20)


insert into projects (id, title, description, public, active, created_at) values (1, 'Software Consultant', 'magna ac consequat metus sapien ut nunc vestibulum ante ipsum primis in faucibus orci luctus et ultrices posuere cubilia curae mauris viverra diam vitae quam suspendisse potenti nullam porttitor lacus at turpis donec posuere metus vitae ipsum aliquam', false, false, '2021-06-09');
insert into projects (id, title, description, public, active, created_at) values (2, 'Analyst Programmer', 'neque sapien placerat ante nulla justo aliquam quis turpis eget elit sodales scelerisque mauris sit amet eros suspendisse accumsan tortor quis turpis sed ante vivamus', true, true, '2021-02-15');
insert into projects (id, title, description, public, active, created_at) values (3, 'Geologist IV', 'nullam sit amet turpis elementum ligula vehicula consequat morbi a ipsum integer a nibh in quis justo maecenas rhoncus aliquam lacus morbi quis tortor id nulla ultrices aliquet maecenas leo', true, true, '2021-04-16');
insert into projects (id, title, description, public, active, created_at) values (4, 'Data Coordiator', 'vulputate elementum nullam varius nulla facilisi cras non velit nec nisi vulputate nonummy maecenas tincidunt lacus at velit vivamus vel nulla eget eros elementum', false, false, '2021-03-26');
insert into projects (id, title, description, public, active, created_at) values (5, 'Operator', 'id nisl venenatis lacinia aenean sit amet justo morbi ut odio cras mi pede malesuada in imperdiet et commodo vulputate justo in blandit ultrices', true, false, '2021-08-21');
insert into projects (id, title, description, public, active, created_at) values (6, 'Clinical Specialist', 'cras mi pede malesuada in imperdiet et commodo vulputate justo in blandit ultrices enim lorem ipsum dolor sit amet consectetuer adipiscing elit proin interdum mauris', false, true, '2021-01-31');
insert into projects (id, title, description, public, active, created_at) values (7, 'Chief Design Engineer', 'rhoncus sed vestibulum sit amet cursus id turpis integer aliquet massa id lobortis convallis tortor risus dapibus augue vel accumsan tellus nisi eu orci mauris lacinia', false, false, '2021-01-18');
insert into projects (id, title, description, public, active, created_at) values (8, 'VP Product Management', 'ut at dolor quis odio consequat varius integer ac leo pellentesque ultrices mattis odio donec vitae nisi', true, true, '2020-11-26');
insert into projects (id, title, description, public, active, created_at) values (9, 'VP Quality Control', 'mattis pulvinar nulla pede ullamcorper augue a suscipit nulla elit ac nulla sed vel enim sit amet nunc viverra dapibus nulla suscipit ligula in lacus curabitur at ipsum ac tellus semper interdum', true, true, '2021-11-17');
insert into projects (id, title, description, public, active, created_at) values (10, 'Associate Professor', 'aliquet at feugiat non pretium quis lectus suspendisse potenti in eleifend quam a odio in hac habitasse platea dictumst maecenas ut massa quis augue luctus tincidunt nulla mollis molestie lorem quisque ut erat curabitur gravida nisi', false, false, '2021-11-07');
insert into projects (id, title, description, public, active, created_at) values (11, 'Graphic Designer', 'in hac habitasse platea dictumst morbi vestibulum velit id pretium iaculis diam erat fermentum justo nec condimentum neque sapien placerat ante nulla', false, true, '2020-12-31');
insert into projects (id, title, description, public, active, created_at) values (12, 'Programmer Analyst III', 'morbi sem mauris laoreet ut rhoncus aliquet pulvinar sed nisl nunc rhoncus dui vel sem sed sagittis nam congue risus semper', false, true, '2020-12-07');
insert into projects (id, title, description, public, active, created_at) values (13, 'Help Desk Operator', 'in magna bibendum imperdiet nullam orci pede venenatis non sodales sed tincidunt eu felis fusce posuere felis sed lacus morbi sem mauris laoreet ut rhoncus aliquet pulvinar sed', false, true, '2021-04-17');
insert into projects (id, title, description, public, active, created_at) values (14, 'Help Desk Technician', 'in tempus sit amet sem fusce consequat nulla nisl nunc', false, true, '2020-12-26');
insert into projects (id, title, description, public, active, created_at) values (15, 'Editor', 'nam dui proin leo odio porttitor id consequat in consequat ut nulla sed accumsan felis ut at dolor quis odio consequat varius integer ac leo', false, true, '2021-02-21');
insert into projects (id, title, description, public, active, created_at) values (16, 'Health Coach III', 'integer a nibh in quis justo maecenas rhoncus aliquam lacus morbi quis tortor id nulla ultrices aliquet maecenas leo odio condimentum id luctus nec molestie sed justo pellentesque viverra pede ac diam cras', false, false, '2021-05-30');
insert into projects (id, title, description, public, active, created_at) values (17, 'GIS Technical Architect', 'nec nisi volutpat eleifend donec ut dolor morbi vel lectus in quam fringilla rhoncus mauris enim leo rhoncus sed vestibulum sit amet', true, false, '2021-05-30');
insert into projects (id, title, description, public, active, created_at) values (18, 'Programmer Analyst II', 'tortor risus dapibus augue vel accumsan tellus nisi eu orci mauris lacinia sapien quis libero nullam sit amet turpis elementum ligula vehicula consequat morbi a ipsum integer a nibh in quis justo maecenas rhoncus', false, false, '2021-08-12');
insert into projects (id, title, description, public, active, created_at) values (19, 'Computer Systems Analyst III', 'volutpat dui maecenas tristique est et tempus semper est quam pharetra magna ac consequat metus', true, true, '2021-09-20');
insert into projects (id, title, description, public, active, created_at) values (20, 'Electrical Engineer', 'massa quis augue luctus tincidunt nulla mollis molestie lorem quisque ut erat curabitur gravida nisi at nibh in hac habitasse platea dictumst aliquam augue quam sollicitudin vitae consectetuer eget rutrum at lorem integer tincidunt', false, false, '2021-03-26');

-- projectUsers (59)

insert into projectUsers (user_id, project_id, user_role) values (45, 15, 'GUEST');
insert into projectUsers (user_id, project_id, user_role) values (8, 11, 'GUEST');
insert into projectUsers (user_id, project_id, user_role) values (22, 1, 'MANAGER');
insert into projectUsers (user_id, project_id, user_role) values (5, 2, 'GUEST');
insert into projectUsers (user_id, project_id, user_role) values (9, 18, 'GUEST');
insert into projectUsers (user_id, project_id, user_role) values (19, 2, 'MEMBER');
insert into projectUsers (user_id, project_id, user_role) values (28, 19, 'MANAGER');
insert into projectUsers (user_id, project_id, user_role) values (32, 6, 'MANAGER');
insert into projectUsers (user_id, project_id, user_role) values (8, 19, 'MEMBER');
insert into projectUsers (user_id, project_id, user_role) values (27, 6, 'MANAGER');
insert into projectUsers (user_id, project_id, user_role) values (18, 16, 'GUEST');
insert into projectUsers (user_id, project_id, user_role) values (44, 16, 'MANAGER');
insert into projectUsers (user_id, project_id, user_role) values (33, 18, 'MANAGER');
insert into projectUsers (user_id, project_id, user_role) values (46, 7, 'MANAGER');
insert into projectUsers (user_id, project_id, user_role) values (10, 7, 'GUEST');
insert into projectUsers (user_id, project_id, user_role) values (25, 1, 'MEMBER');
insert into projectUsers (user_id, project_id, user_role) values (47, 4, 'MEMBER');
insert into projectUsers (user_id, project_id, user_role) values (14, 11, 'MANAGER');
insert into projectUsers (user_id, project_id, user_role) values (10, 13, 'MANAGER');
insert into projectUsers (user_id, project_id, user_role) values (37, 12, 'MANAGER');
insert into projectUsers (user_id, project_id, user_role) values (35, 7, 'MANAGER');
insert into projectUsers (user_id, project_id, user_role) values (18, 8, 'MANAGER');
insert into projectUsers (user_id, project_id, user_role) values (4, 16, 'MEMBER');
insert into projectUsers (user_id, project_id, user_role) values (34, 2, 'GUEST');
insert into projectUsers (user_id, project_id, user_role) values (36, 15, 'MEMBER');
insert into projectUsers (user_id, project_id, user_role) values (21, 3, 'MEMBER');
insert into projectUsers (user_id, project_id, user_role) values (7, 2, 'MANAGER');
insert into projectUsers (user_id, project_id, user_role) values (47, 16, 'MANAGER');
insert into projectUsers (user_id, project_id, user_role) values (28, 2, 'MEMBER');
insert into projectUsers (user_id, project_id, user_role) values (20, 16, 'MEMBER');
insert into projectUsers (user_id, project_id, user_role) values (43, 13, 'MANAGER');
insert into projectUsers (user_id, project_id, user_role) values (24, 12, 'MEMBER');
insert into projectUsers (user_id, project_id, user_role) values (26, 4, 'MEMBER');
insert into projectUsers (user_id, project_id, user_role) values (50, 15, 'GUEST');
insert into projectUsers (user_id, project_id, user_role) values (1, 13, 'MEMBER');
insert into projectUsers (user_id, project_id, user_role) values (47, 3, 'MANAGER');
insert into projectUsers (user_id, project_id, user_role) values (48, 10, 'MEMBER');
insert into projectUsers (user_id, project_id, user_role) values (17, 5, 'MANAGER');
insert into projectUsers (user_id, project_id, user_role) values (27, 14, 'GUEST');
insert into projectUsers (user_id, project_id, user_role) values (13, 12, 'GUEST');
insert into projectUsers (user_id, project_id, user_role) values (18, 20, 'MEMBER');
insert into projectUsers (user_id, project_id, user_role) values (8, 16, 'MEMBER');
insert into projectUsers (user_id, project_id, user_role) values (29, 20, 'GUEST');
insert into projectUsers (user_id, project_id, user_role) values (8, 13, 'MEMBER');
insert into projectUsers (user_id, project_id, user_role) values (30, 10, 'MEMBER');
insert into projectUsers (user_id, project_id, user_role) values (11, 4, 'MANAGER');
insert into projectUsers (user_id, project_id, user_role) values (34, 11, 'GUEST');
insert into projectUsers (user_id, project_id, user_role) values (46, 12, 'MEMBER');
insert into projectUsers (user_id, project_id, user_role) values (34, 14, 'GUEST');
insert into projectUsers (user_id, project_id, user_role) values (6, 2, 'MEMBER');
insert into projectUsers (user_id, project_id, user_role) values (11, 5, 'GUEST');
insert into projectUsers (user_id, project_id, user_role) values (50, 2, 'MEMBER');
insert into projectUsers (user_id, project_id, user_role) values (23, 20, 'MEMBER');
insert into projectUsers (user_id, project_id, user_role) values (28, 4, 'MANAGER');
insert into projectUsers (user_id, project_id, user_role) values (23, 15, 'GUEST');
insert into projectUsers (user_id, project_id, user_role) values (46, 19, 'GUEST');
insert into projectUsers (user_id, project_id, user_role) values (41, 20, 'MANAGER');
insert into projectUsers (user_id, project_id, user_role) values (14, 15, 'MEMBER');
insert into projectUsers (user_id, project_id, user_role) values (24, 8, 'MEMBER');


-- favoriteProjects (20)

insert into favoriteProjects (user_id, project_id) values (45, 15);
insert into favoriteProjects (user_id, project_id) values (8, 11);
insert into favoriteProjects (user_id, project_id) values (22, 1);
insert into favoriteProjects (user_id, project_id) values (5, 2);
insert into favoriteProjects (user_id, project_id) values (9, 18);
insert into favoriteProjects (user_id, project_id) values (19, 2);
insert into favoriteProjects (user_id, project_id) values (28, 19);
insert into favoriteProjects (user_id, project_id) values (32, 6);
insert into favoriteProjects (user_id, project_id) values (8, 19);
insert into favoriteProjects (user_id, project_id) values (27, 6);
insert into favoriteProjects (user_id, project_id) values (18, 16);
insert into favoriteProjects (user_id, project_id) values (44, 16);
insert into favoriteProjects (user_id, project_id) values (33, 18);
insert into favoriteProjects (user_id, project_id) values (46, 7);
insert into favoriteProjects (user_id, project_id) values (10, 7);
insert into favoriteProjects (user_id, project_id) values (25, 1);
insert into favoriteProjects (user_id, project_id) values (47, 4);
insert into favoriteProjects (user_id, project_id) values (14, 11);
insert into favoriteProjects (user_id, project_id) values (10, 13);
insert into favoriteProjects (user_id, project_id) values (37, 12);


-- invitations (87)

insert into invitations (user_id, project_id, accept) values (45, 15, true);
insert into invitations (user_id, project_id, accept) values (8, 11, true);
insert into invitations (user_id, project_id, accept) values (22, 1, true);
insert into invitations (user_id, project_id, accept) values (5, 2, true);
insert into invitations (user_id, project_id, accept) values (9, 18, true);
insert into invitations (user_id, project_id, accept) values (19, 2, true);
insert into invitations (user_id, project_id, accept) values (28, 19, true);
insert into invitations (user_id, project_id, accept) values (32, 6, true);
insert into invitations (user_id, project_id, accept) values (8, 19, true);
insert into invitations (user_id, project_id, accept) values (27, 6, true);
insert into invitations (user_id, project_id, accept) values (18, 16, true);
insert into invitations (user_id, project_id, accept) values (44, 16, true);
insert into invitations (user_id, project_id, accept) values (33, 18, true);
insert into invitations (user_id, project_id, accept) values (46, 7, true);
insert into invitations (user_id, project_id, accept) values (10, 7, true);
insert into invitations (user_id, project_id, accept) values (25, 1, true);
insert into invitations (user_id, project_id, accept) values (47, 4, true);
insert into invitations (user_id, project_id, accept) values (14, 11, true);
insert into invitations (user_id, project_id, accept) values (10, 13, true);
insert into invitations (user_id, project_id, accept) values (37, 12, true);
insert into invitations (user_id, project_id, accept) values (35, 7, true);
insert into invitations (user_id, project_id, accept) values (18, 8, true);
insert into invitations (user_id, project_id, accept) values (4, 16, true);
insert into invitations (user_id, project_id, accept) values (34, 2, true);
insert into invitations (user_id, project_id, accept) values (36, 15, true);
insert into invitations (user_id, project_id, accept) values (21, 3, true);
insert into invitations (user_id, project_id, accept) values (7, 2, true);
insert into invitations (user_id, project_id, accept) values (47, 16, true);
insert into invitations (user_id, project_id, accept) values (28, 2, true);
insert into invitations (user_id, project_id, accept) values (20, 16, true);
insert into invitations (user_id, project_id, accept) values (43, 13, true);
insert into invitations (user_id, project_id, accept) values (24, 12, true);
insert into invitations (user_id, project_id, accept) values (26, 4, true);
insert into invitations (user_id, project_id, accept) values (50, 15, true);
insert into invitations (user_id, project_id, accept) values (1, 13, true);
insert into invitations (user_id, project_id, accept) values (47, 3, true);
insert into invitations (user_id, project_id, accept) values (48, 10, true);
insert into invitations (user_id, project_id, accept) values (17, 5, true);
insert into invitations (user_id, project_id, accept) values (27, 14, true);
insert into invitations (user_id, project_id, accept) values (13, 12, true);
insert into invitations (user_id, project_id, accept) values (18, 20, true);
insert into invitations (user_id, project_id, accept) values (8, 16, true);
insert into invitations (user_id, project_id, accept) values (29, 20, true);
insert into invitations (user_id, project_id, accept) values (8, 13, true);
insert into invitations (user_id, project_id, accept) values (30, 10, true);
insert into invitations (user_id, project_id, accept) values (11, 4, true);
insert into invitations (user_id, project_id, accept) values (34, 11, true);
insert into invitations (user_id, project_id, accept) values (46, 12, true);
insert into invitations (user_id, project_id, accept) values (34, 14, true);
insert into invitations (user_id, project_id, accept) values (6, 2, true);
insert into invitations (user_id, project_id, accept) values (11, 5, true);
insert into invitations (user_id, project_id, accept) values (50, 2, true);
insert into invitations (user_id, project_id, accept) values (23, 20, true);
insert into invitations (user_id, project_id, accept) values (28, 4, true);
insert into invitations (user_id, project_id, accept) values (23, 15, true);
insert into invitations (user_id, project_id, accept) values (46, 19, true);
insert into invitations (user_id, project_id, accept) values (41, 20, true);
insert into invitations (user_id, project_id, accept) values (14, 15, true);
insert into invitations (user_id, project_id, accept) values (24, 8, true);
insert into invitations (user_id, project_id, accept) values (36, 19, false);
insert into invitations (user_id, project_id, accept) values (20, 12, false);
insert into invitations (user_id, project_id, accept) values (30, 8, false);
insert into invitations (user_id, project_id, accept) values (48, 7, false);
insert into invitations (user_id, project_id, accept) values (27, 15, false);
insert into invitations (user_id, project_id, accept) values (36, 5, false);
insert into invitations (user_id, project_id, accept) values (34, 10, false);
insert into invitations (user_id, project_id, accept) values (50, 6, false);
insert into invitations (user_id, project_id, accept) values (33, 6, false);
insert into invitations (user_id, project_id, accept) values (3, 7, false);
insert into invitations (user_id, project_id, accept) values (35, 9, false);
insert into invitations (user_id, project_id, accept) values (46, 2, false);
insert into invitations (user_id, project_id, accept) values (10, 20, false);
insert into invitations (user_id, project_id, accept) values (13, 13, false);
insert into invitations (user_id, project_id, accept) values (47, 19, false);
insert into invitations (user_id, project_id, accept) values (41, 4, false);
insert into invitations (user_id, project_id, accept) values (6, 11, false);
insert into invitations (user_id, project_id, accept) values (4, 19, false);
insert into invitations (user_id, project_id, accept) values (14, 7, false);
insert into invitations (user_id, project_id, accept) values (34, 3, false);
insert into invitations (user_id, project_id, accept) values (21, 9, false);
insert into invitations (user_id, project_id, accept) values (19, 10, false);
insert into invitations (user_id, project_id, accept) values (32, 16, false);
insert into invitations (user_id, project_id, accept) values (2, 9, false);
insert into invitations (user_id, project_id, accept) values (3, 11, false);
insert into invitations (user_id, project_id, accept) values (28, 10, false);
insert into invitations (user_id, project_id, accept) values (23, 17, false);
insert into invitations (user_id, project_id, accept) values (48, 3, false);


--projectMessages (100)


insert into projectMessages (id, project_id, user_id, message, created_at) values (1, 7, 39, 'consectetuer adipiscing elit proin risus praesent lectus vestibulum quam sapien varius ut blandit non', '2021-01-20');
insert into projectMessages (id, project_id, user_id, message, created_at) values (2, 2, 3, 'erat volutpat in congue etiam justo etiam pretium iaculis justo in hac habitasse platea dictumst etiam faucibus cursus', '2021-10-07');
insert into projectMessages (id, project_id, user_id, message, created_at) values (3, 9, 5, 'nonummy maecenas tincidunt lacus at velit vivamus vel nulla eget eros', '2021-04-21');
insert into projectMessages (id, project_id, user_id, message, created_at) values (4, 10, 45, 'ipsum primis in faucibus orci luctus et ultrices posuere cubilia curae mauris viverra diam vitae quam suspendisse potenti nullam porttitor lacus at turpis donec posuere metus vitae ipsum aliquam non', '2021-09-26');
insert into projectMessages (id, project_id, user_id, message, created_at) values (5, 1, 50, 'ipsum primis in faucibus orci luctus et ultrices posuere cubilia curae nulla', '2021-05-18');
insert into projectMessages (id, project_id, user_id, message, created_at) values (6, 19, 36, 'ac neque duis bibendum morbi non quam nec dui luctus rutrum nulla tellus in sagittis dui', '2021-11-13');
insert into projectMessages (id, project_id, user_id, message, created_at) values (7, 6, 38, 'felis fusce posuere felis sed lacus morbi sem mauris laoreet ut rhoncus aliquet pulvinar sed', '2021-02-12');
insert into projectMessages (id, project_id, user_id, message, created_at) values (8, 4, 3, 'pretium nisl ut volutpat sapien arcu sed augue aliquam erat volutpat in congue etiam justo etiam pretium iaculis justo in hac habitasse platea dictumst etiam faucibus cursus urna ut tellus', '2021-08-29');
insert into projectMessages (id, project_id, user_id, message, created_at) values (9, 12, 34, 'in tempor turpis nec euismod scelerisque quam turpis adipiscing lorem vitae mattis nibh ligula nec sem duis aliquam convallis nunc proin', '2021-05-29');
insert into projectMessages (id, project_id, user_id, message, created_at) values (10, 3, 48, 'erat eros viverra eget congue eget semper rutrum nulla nunc purus phasellus', '2021-08-09');
insert into projectMessages (id, project_id, user_id, message, created_at) values (11, 6, 28, 'quis turpis eget elit sodales scelerisque mauris sit amet eros suspendisse accumsan tortor quis turpis sed ante vivamus tortor', '2021-07-27');
insert into projectMessages (id, project_id, user_id, message, created_at) values (12, 18, 45, 'ante vivamus tortor duis mattis egestas metus aenean fermentum donec ut mauris eget massa tempor convallis nulla neque libero convallis eget eleifend', '2021-11-16');
insert into projectMessages (id, project_id, user_id, message, created_at) values (13, 1, 47, 'convallis nulla neque libero convallis eget eleifend luctus ultricies eu nibh quisque id justo sit amet sapien dignissim vestibulum vestibulum ante ipsum primis in faucibus', '2021-11-05');
insert into projectMessages (id, project_id, user_id, message, created_at) values (14, 16, 42, 'adipiscing elit proin interdum mauris non ligula pellentesque ultrices phasellus id sapien in sapien iaculis congue vivamus metus arcu adipiscing molestie hendrerit at', '2021-10-17');
insert into projectMessages (id, project_id, user_id, message, created_at) values (15, 14, 8, 'neque aenean auctor gravida sem praesent id massa id nisl', '2021-10-24');
insert into projectMessages (id, project_id, user_id, message, created_at) values (16, 5, 36, 'parturient montes nascetur ridiculus mus vivamus vestibulum sagittis sapien cum sociis', '2021-05-14');
insert into projectMessages (id, project_id, user_id, message, created_at) values (17, 13, 50, 'ac lobortis vel dapibus at diam nam tristique tortor eu pede', '2021-08-08');
insert into projectMessages (id, project_id, user_id, message, created_at) values (18, 13, 15, 'sit amet consectetuer adipiscing elit proin interdum mauris non ligula pellentesque ultrices phasellus id', '2021-07-25');
insert into projectMessages (id, project_id, user_id, message, created_at) values (19, 19, 44, 'sapien varius ut blandit non interdum in ante vestibulum ante ipsum primis in faucibus orci luctus et ultrices posuere cubilia curae duis faucibus accumsan odio curabitur convallis duis consequat', '2020-11-04');
insert into projectMessages (id, project_id, user_id, message, created_at) values (20, 11, 43, 'mauris ullamcorper purus sit amet nulla quisque arcu libero rutrum ac lobortis vel dapibus at diam nam', '2021-01-19');
insert into projectMessages (id, project_id, user_id, message, created_at) values (21, 5, 10, 'sodales scelerisque mauris sit amet eros suspendisse accumsan tortor quis turpis sed ante vivamus tortor duis mattis egestas', '2021-02-10');
insert into projectMessages (id, project_id, user_id, message, created_at) values (22, 4, 48, 'odio curabitur convallis duis consequat dui nec nisi volutpat eleifend donec ut dolor morbi vel lectus in quam fringilla', '2021-11-14');
insert into projectMessages (id, project_id, user_id, message, created_at) values (23, 15, 18, 'pellentesque ultrices mattis odio donec vitae nisi nam ultrices libero non mattis pulvinar nulla pede ullamcorper augue a suscipit nulla elit ac nulla sed', '2021-08-13');
insert into projectMessages (id, project_id, user_id, message, created_at) values (24, 4, 18, 'lorem quisque ut erat curabitur gravida nisi at nibh in hac habitasse platea dictumst aliquam augue quam sollicitudin vitae consectetuer eget rutrum at lorem integer tincidunt', '2021-09-13');
insert into projectMessages (id, project_id, user_id, message, created_at) values (25, 3, 12, 'interdum mauris ullamcorper purus sit amet nulla quisque arcu libero rutrum ac lobortis vel dapibus', '2021-03-15');
insert into projectMessages (id, project_id, user_id, message, created_at) values (26, 4, 24, 'augue aliquam erat volutpat in congue etiam justo etiam pretium iaculis justo in hac habitasse', '2021-03-06');
insert into projectMessages (id, project_id, user_id, message, created_at) values (27, 15, 35, 'quis orci eget orci vehicula condimentum curabitur in libero ut massa volutpat convallis morbi odio odio elementum eu interdum eu tincidunt in', '2021-10-11');
insert into projectMessages (id, project_id, user_id, message, created_at) values (28, 11, 5, 'eget congue eget semper rutrum nulla nunc purus phasellus in felis donec semper sapien a libero nam dui proin leo odio porttitor id', '2021-06-09');
insert into projectMessages (id, project_id, user_id, message, created_at) values (29, 6, 32, 'amet sem fusce consequat nulla nisl nunc nisl duis bibendum felis sed interdum venenatis turpis enim blandit mi in porttitor pede justo eu massa donec', '2021-05-03');
insert into projectMessages (id, project_id, user_id, message, created_at) values (30, 10, 41, 'semper interdum mauris ullamcorper purus sit amet nulla quisque arcu libero rutrum ac', '2021-10-06');
insert into projectMessages (id, project_id, user_id, message, created_at) values (31, 2, 9, 'ante ipsum primis in faucibus orci luctus et ultrices posuere cubilia curae duis faucibus accumsan odio curabitur convallis duis consequat dui nec nisi volutpat eleifend', '2021-10-05');
insert into projectMessages (id, project_id, user_id, message, created_at) values (32, 6, 50, 'natoque penatibus et magnis dis parturient montes nascetur ridiculus mus etiam vel augue vestibulum rutrum rutrum neque aenean auctor gravida sem praesent id', '2021-04-07');
insert into projectMessages (id, project_id, user_id, message, created_at) values (33, 1, 41, 'duis mattis egestas metus aenean fermentum donec ut mauris eget massa tempor convallis nulla neque libero convallis eget eleifend luctus ultricies eu nibh quisque id', '2021-07-16');
insert into projectMessages (id, project_id, user_id, message, created_at) values (34, 16, 14, 'quam nec dui luctus rutrum nulla tellus in sagittis dui vel nisl duis ac nibh fusce lacus purus aliquet at feugiat non pretium quis lectus', '2021-05-01');
insert into projectMessages (id, project_id, user_id, message, created_at) values (35, 5, 19, 'porta volutpat quam pede lobortis ligula sit amet eleifend pede libero quis orci nullam molestie nibh in lectus pellentesque at nulla suspendisse potenti cras in purus eu magna', '2021-06-08');
insert into projectMessages (id, project_id, user_id, message, created_at) values (36, 11, 49, 'nonummy maecenas tincidunt lacus at velit vivamus vel nulla eget eros elementum pellentesque quisque porta volutpat', '2021-07-11');
insert into projectMessages (id, project_id, user_id, message, created_at) values (37, 18, 23, 'leo odio porttitor id consequat in consequat ut nulla sed accumsan felis ut', '2021-10-15');
insert into projectMessages (id, project_id, user_id, message, created_at) values (38, 17, 21, 'ante ipsum primis in faucibus orci luctus et ultrices posuere cubilia curae nulla dapibus dolor vel est donec odio justo sollicitudin ut suscipit a', '2021-05-05');
insert into projectMessages (id, project_id, user_id, message, created_at) values (39, 5, 37, 'quis lectus suspendisse potenti in eleifend quam a odio in hac habitasse platea dictumst maecenas ut massa quis augue luctus tincidunt nulla mollis', '2021-05-03');
insert into projectMessages (id, project_id, user_id, message, created_at) values (40, 7, 44, 'ac consequat metus sapien ut nunc vestibulum ante ipsum primis in faucibus orci luctus et', '2020-11-10');
insert into projectMessages (id, project_id, user_id, message, created_at) values (41, 7, 18, 'curae duis faucibus accumsan odio curabitur convallis duis consequat dui nec nisi volutpat eleifend donec ut dolor morbi vel lectus in quam fringilla rhoncus mauris enim leo rhoncus sed', '2021-09-24');
insert into projectMessages (id, project_id, user_id, message, created_at) values (42, 2, 18, 'amet erat nulla tempus vivamus in felis eu sapien cursus vestibulum', '2021-02-17');
insert into projectMessages (id, project_id, user_id, message, created_at) values (43, 14, 22, 'phasellus sit amet erat nulla tempus vivamus in felis eu sapien cursus vestibulum proin eu mi nulla ac enim in tempor turpis nec euismod scelerisque quam turpis', '2021-02-02');
insert into projectMessages (id, project_id, user_id, message, created_at) values (44, 9, 11, 'in sapien iaculis congue vivamus metus arcu adipiscing molestie hendrerit at vulputate vitae nisl aenean lectus pellentesque eget nunc', '2020-11-01');
insert into projectMessages (id, project_id, user_id, message, created_at) values (45, 9, 8, 'duis mattis egestas metus aenean fermentum donec ut mauris eget massa tempor convallis nulla neque libero convallis eget eleifend luctus ultricies', '2021-10-23');
insert into projectMessages (id, project_id, user_id, message, created_at) values (46, 18, 24, 'amet eleifend pede libero quis orci nullam molestie nibh in lectus pellentesque at nulla suspendisse potenti cras in purus eu magna vulputate luctus cum sociis', '2021-01-13');
insert into projectMessages (id, project_id, user_id, message, created_at) values (47, 13, 21, 'nulla pede ullamcorper augue a suscipit nulla elit ac nulla sed vel enim sit amet', '2021-10-27');
insert into projectMessages (id, project_id, user_id, message, created_at) values (48, 8, 40, 'nisl duis bibendum felis sed interdum venenatis turpis enim blandit mi in porttitor pede justo eu massa donec dapibus duis at velit eu est congue', '2021-11-27');
insert into projectMessages (id, project_id, user_id, message, created_at) values (49, 20, 27, 'lacinia aenean sit amet justo morbi ut odio cras mi pede malesuada in imperdiet et commodo vulputate justo in blandit ultrices enim lorem ipsum', '2021-06-07');
insert into projectMessages (id, project_id, user_id, message, created_at) values (50, 14, 12, 'morbi odio odio elementum eu interdum eu tincidunt in leo maecenas pulvinar lobortis est phasellus sit amet erat nulla tempus vivamus in felis eu sapien cursus vestibulum proin', '2020-12-26');
insert into projectMessages (id, project_id, user_id, message, created_at) values (51, 8, 49, 'viverra dapibus nulla suscipit ligula in lacus curabitur at ipsum ac tellus semper', '2021-08-28');
insert into projectMessages (id, project_id, user_id, message, created_at) values (52, 6, 11, 'sed accumsan felis ut at dolor quis odio consequat varius integer', '2021-01-03');
insert into projectMessages (id, project_id, user_id, message, created_at) values (53, 15, 17, 'sit amet eleifend pede libero quis orci nullam molestie nibh in lectus pellentesque at nulla suspendisse potenti cras in purus', '2021-01-24');
insert into projectMessages (id, project_id, user_id, message, created_at) values (54, 19, 38, 'dictumst etiam faucibus cursus urna ut tellus nulla ut erat id mauris vulputate elementum nullam varius nulla facilisi cras non velit nec nisi vulputate nonummy maecenas tincidunt', '2021-06-11');
insert into projectMessages (id, project_id, user_id, message, created_at) values (55, 3, 41, 'eleifend quam a odio in hac habitasse platea dictumst maecenas ut massa quis augue luctus tincidunt nulla mollis molestie', '2021-11-10');
insert into projectMessages (id, project_id, user_id, message, created_at) values (56, 13, 29, 'consectetuer eget rutrum at lorem integer tincidunt ante vel ipsum', '2021-06-30');
insert into projectMessages (id, project_id, user_id, message, created_at) values (57, 12, 40, 'in felis eu sapien cursus vestibulum proin eu mi nulla ac enim in tempor turpis nec euismod scelerisque quam turpis adipiscing', '2021-07-30');
insert into projectMessages (id, project_id, user_id, message, created_at) values (58, 14, 9, 'duis ac nibh fusce lacus purus aliquet at feugiat non pretium quis lectus suspendisse potenti in eleifend quam a odio in hac habitasse platea dictumst maecenas ut massa quis', '2021-06-02');
insert into projectMessages (id, project_id, user_id, message, created_at) values (59, 4, 18, 'eget semper rutrum nulla nunc purus phasellus in felis donec semper sapien a libero nam dui proin', '2021-01-26');
insert into projectMessages (id, project_id, user_id, message, created_at) values (60, 13, 10, 'aliquam augue quam sollicitudin vitae consectetuer eget rutrum at lorem integer tincidunt ante vel ipsum praesent', '2021-10-27');
insert into projectMessages (id, project_id, user_id, message, created_at) values (61, 18, 2, 'varius integer ac leo pellentesque ultrices mattis odio donec vitae nisi nam ultrices libero', '2021-09-21');
insert into projectMessages (id, project_id, user_id, message, created_at) values (62, 1, 18, 'nulla sed accumsan felis ut at dolor quis odio consequat varius integer ac leo pellentesque ultrices mattis odio donec vitae nisi', '2021-08-26');
insert into projectMessages (id, project_id, user_id, message, created_at) values (63, 8, 41, 'nulla suscipit ligula in lacus curabitur at ipsum ac tellus semper interdum mauris ullamcorper purus sit amet nulla quisque arcu libero rutrum ac', '2020-11-15');
insert into projectMessages (id, project_id, user_id, message, created_at) values (64, 6, 26, 'curabitur convallis duis consequat dui nec nisi volutpat eleifend donec ut dolor morbi vel lectus in quam fringilla rhoncus', '2021-02-24');
insert into projectMessages (id, project_id, user_id, message, created_at) values (65, 3, 10, 'rutrum rutrum neque aenean auctor gravida sem praesent id massa id nisl venenatis lacinia aenean sit amet', '2021-10-21');
insert into projectMessages (id, project_id, user_id, message, created_at) values (66, 7, 2, 'blandit mi in porttitor pede justo eu massa donec dapibus duis at velit eu est', '2021-02-09');
insert into projectMessages (id, project_id, user_id, message, created_at) values (67, 10, 32, 'ligula pellentesque ultrices phasellus id sapien in sapien iaculis congue vivamus metus arcu adipiscing molestie hendrerit at vulputate vitae nisl aenean lectus pellentesque eget', '2021-09-17');
insert into projectMessages (id, project_id, user_id, message, created_at) values (68, 15, 41, 'est congue elementum in hac habitasse platea dictumst morbi vestibulum velit id pretium iaculis diam', '2021-10-20');
insert into projectMessages (id, project_id, user_id, message, created_at) values (69, 9, 27, 'convallis tortor risus dapibus augue vel accumsan tellus nisi eu orci mauris lacinia sapien quis libero nullam sit amet turpis elementum ligula vehicula consequat', '2021-03-24');
insert into projectMessages (id, project_id, user_id, message, created_at) values (70, 11, 49, 'aliquet massa id lobortis convallis tortor risus dapibus augue vel accumsan tellus nisi eu orci mauris lacinia sapien quis libero', '2021-01-03');
insert into projectMessages (id, project_id, user_id, message, created_at) values (71, 18, 16, 'nec euismod scelerisque quam turpis adipiscing lorem vitae mattis nibh ligula nec sem duis aliquam convallis nunc proin at turpis a pede', '2021-06-25');
insert into projectMessages (id, project_id, user_id, message, created_at) values (72, 4, 4, 'morbi sem mauris laoreet ut rhoncus aliquet pulvinar sed nisl nunc rhoncus dui vel sem sed sagittis nam congue risus semper porta volutpat quam pede lobortis ligula sit amet eleifend', '2021-10-28');
insert into projectMessages (id, project_id, user_id, message, created_at) values (73, 10, 7, 'sem duis aliquam convallis nunc proin at turpis a pede posuere nonummy integer non velit donec diam', '2021-10-21');
insert into projectMessages (id, project_id, user_id, message, created_at) values (74, 11, 34, 'pede lobortis ligula sit amet eleifend pede libero quis orci nullam molestie', '2021-02-26');
insert into projectMessages (id, project_id, user_id, message, created_at) values (75, 19, 5, 'vestibulum ante ipsum primis in faucibus orci luctus et ultrices posuere cubilia curae donec pharetra magna vestibulum aliquet ultrices erat tortor sollicitudin mi sit amet', '2021-11-10');
insert into projectMessages (id, project_id, user_id, message, created_at) values (76, 7, 21, 'nisi volutpat eleifend donec ut dolor morbi vel lectus in quam fringilla rhoncus mauris enim leo rhoncus sed vestibulum sit amet cursus id turpis integer aliquet', '2021-11-26');
insert into projectMessages (id, project_id, user_id, message, created_at) values (77, 7, 18, 'ultrices phasellus id sapien in sapien iaculis congue vivamus metus arcu adipiscing molestie hendrerit at vulputate vitae nisl aenean', '2021-05-15');
insert into projectMessages (id, project_id, user_id, message, created_at) values (78, 13, 2, 'in hac habitasse platea dictumst aliquam augue quam sollicitudin vitae consectetuer eget rutrum at lorem integer tincidunt ante vel ipsum praesent blandit lacinia', '2021-05-12');
insert into projectMessages (id, project_id, user_id, message, created_at) values (79, 9, 29, 'in consequat ut nulla sed accumsan felis ut at dolor quis odio consequat varius integer ac leo pellentesque ultrices', '2021-03-26');
insert into projectMessages (id, project_id, user_id, message, created_at) values (80, 11, 33, 'porta volutpat quam pede lobortis ligula sit amet eleifend pede libero quis orci nullam molestie', '2020-12-14');
insert into projectMessages (id, project_id, user_id, message, created_at) values (81, 1, 47, 'sapien non mi integer ac neque duis bibendum morbi non quam nec dui luctus rutrum nulla tellus in', '2021-05-28');
insert into projectMessages (id, project_id, user_id, message, created_at) values (82, 15, 18, 'congue etiam justo etiam pretium iaculis justo in hac habitasse platea dictumst etiam faucibus cursus urna ut', '2021-07-12');
insert into projectMessages (id, project_id, user_id, message, created_at) values (83, 5, 19, 'et ultrices posuere cubilia curae duis faucibus accumsan odio curabitur convallis duis consequat dui nec nisi volutpat eleifend donec ut dolor morbi vel lectus in quam fringilla rhoncus', '2021-11-22');
insert into projectMessages (id, project_id, user_id, message, created_at) values (84, 19, 43, 'nascetur ridiculus mus etiam vel augue vestibulum rutrum rutrum neque aenean auctor gravida sem praesent id massa id nisl venenatis lacinia aenean sit amet justo morbi ut odio', '2021-08-04');
insert into projectMessages (id, project_id, user_id, message, created_at) values (85, 16, 21, 'maecenas pulvinar lobortis est phasellus sit amet erat nulla tempus vivamus in felis eu sapien cursus vestibulum proin', '2021-04-20');
insert into projectMessages (id, project_id, user_id, message, created_at) values (86, 15, 32, 'lacus at velit vivamus vel nulla eget eros elementum pellentesque quisque porta volutpat erat quisque erat eros viverra eget congue eget semper rutrum nulla nunc purus phasellus in felis donec', '2021-10-01');
insert into projectMessages (id, project_id, user_id, message, created_at) values (87, 7, 21, 'risus praesent lectus vestibulum quam sapien varius ut blandit non interdum in ante vestibulum ante ipsum primis in faucibus orci luctus et ultrices posuere cubilia curae duis faucibus accumsan', '2021-10-27');
insert into projectMessages (id, project_id, user_id, message, created_at) values (88, 5, 47, 'tempus vel pede morbi porttitor lorem id ligula suspendisse ornare consequat lectus in est risus auctor sed tristique in tempus sit amet sem', '2021-09-12');
insert into projectMessages (id, project_id, user_id, message, created_at) values (89, 7, 13, 'lacinia nisi venenatis tristique fusce congue diam id ornare imperdiet sapien urna pretium nisl ut volutpat sapien arcu sed augue aliquam erat volutpat in congue etiam justo', '2021-01-29');
insert into projectMessages (id, project_id, user_id, message, created_at) values (90, 17, 39, 'lacus morbi quis tortor id nulla ultrices aliquet maecenas leo odio condimentum', '2021-09-15');
insert into projectMessages (id, project_id, user_id, message, created_at) values (91, 15, 31, 'praesent id massa id nisl venenatis lacinia aenean sit amet justo morbi ut odio cras mi pede malesuada in imperdiet et commodo', '2021-10-21');
insert into projectMessages (id, project_id, user_id, message, created_at) values (92, 2, 22, 'ipsum primis in faucibus orci luctus et ultrices posuere cubilia curae mauris viverra diam vitae quam suspendisse potenti nullam porttitor', '2021-03-09');
insert into projectMessages (id, project_id, user_id, message, created_at) values (93, 2, 41, 'odio odio elementum eu interdum eu tincidunt in leo maecenas pulvinar lobortis est phasellus sit amet erat nulla tempus vivamus in felis eu sapien cursus', '2021-02-02');
insert into projectMessages (id, project_id, user_id, message, created_at) values (94, 20, 36, 'curae mauris viverra diam vitae quam suspendisse potenti nullam porttitor lacus at turpis donec posuere metus vitae ipsum', '2021-10-12');
insert into projectMessages (id, project_id, user_id, message, created_at) values (95, 10, 40, 'sed vel enim sit amet nunc viverra dapibus nulla suscipit ligula in lacus curabitur at ipsum', '2021-05-25');
insert into projectMessages (id, project_id, user_id, message, created_at) values (96, 4, 15, 'vestibulum ante ipsum primis in faucibus orci luctus et ultrices posuere cubilia', '2021-03-22');
insert into projectMessages (id, project_id, user_id, message, created_at) values (97, 1, 19, 'justo maecenas rhoncus aliquam lacus morbi quis tortor id nulla ultrices aliquet maecenas leo odio condimentum id luctus nec molestie', '2020-11-30');
insert into projectMessages (id, project_id, user_id, message, created_at) values (98, 3, 10, 'porttitor pede justo eu massa donec dapibus duis at velit eu est congue elementum in hac habitasse platea dictumst morbi vestibulum velit id pretium iaculis diam erat fermentum', '2021-03-27');
insert into projectMessages (id, project_id, user_id, message, created_at) values (99, 19, 25, 'ut massa volutpat convallis morbi odio odio elementum eu interdum eu tincidunt in leo maecenas pulvinar lobortis est phasellus sit amet erat nulla tempus vivamus in felis eu sapien cursus', '2021-05-26');
insert into projectMessages (id, project_id, user_id, message, created_at) values (100, 9, 8, 'orci luctus et ultrices posuere cubilia curae mauris viverra diam vitae quam suspendisse potenti nullam porttitor lacus', '2021-07-13');


-- projectFiles (20)


insert into projectFiles (id, project_id, updated_at, created_at, url) values (1, 7, '2020-10-01', '2020-11-15', '/odio.jpg');
insert into projectFiles (id, project_id, updated_at, created_at, url) values (2, 2, '2021-10-10', '2021-05-01', '/dui/proin/leo/odio/porttitor.json');
insert into projectFiles (id, project_id, updated_at, created_at, url) values (3, 3, '2021-06-03', '2021-05-12', '/id/pretium/iaculis/diam.html');
insert into projectFiles (id, project_id, updated_at, created_at, url) values (4, 15, '2021-10-24', '2021-08-22', '/congue.jpg');
insert into projectFiles (id, project_id, updated_at, created_at, url) values (5, 17, '2021-06-02', '2021-06-04', '/vestibulum/ante/ipsum/primis/in.jpg');
insert into projectFiles (id, project_id, updated_at, created_at, url) values (6, 4, '2021-01-23', '2021-06-11', '/dapibus/duis/at/velit/eu/est/congue.jpg');
insert into projectFiles (id, project_id, updated_at, created_at, url) values (7, 6, '2021-03-11', '2021-01-20', '/nullam/porttitor/lacus.jpg');
insert into projectFiles (id, project_id, updated_at, created_at, url) values (8, 15, '2021-07-06', '2020-10-31', '/cubilia.png');
insert into projectFiles (id, project_id, updated_at, created_at, url) values (9, 13, '2021-05-07', '2021-07-31', '/elit/ac/nulla/sed/vel/enim.xml');
insert into projectFiles (id, project_id, updated_at, created_at, url) values (10, 4, '2020-10-17', '2020-11-05', '/est/phasellus/sit/amet.js');
insert into projectFiles (id, project_id, updated_at, created_at, url) values (11, 4, '2021-03-06', '2020-11-09', '/eget/elit/sodales/scelerisque.json');
insert into projectFiles (id, project_id, updated_at, created_at, url) values (12, 18, '2021-11-15', '2021-03-05', '/lacinia/eget/tincidunt.html');
insert into projectFiles (id, project_id, updated_at, created_at, url) values (13, 10, '2020-11-30', '2020-12-29', '/proin/interdum/mauris/non/ligula/pellentesque.aspx');
insert into projectFiles (id, project_id, updated_at, created_at, url) values (14, 11, '2021-05-24', '2021-07-05', '/varius/integer/ac/leo/pellentesque/ultrices.jpg');
insert into projectFiles (id, project_id, updated_at, created_at, url) values (15, 13, '2021-02-12', '2021-10-18', '/convallis/morbi/odio/odio.js');
insert into projectFiles (id, project_id, updated_at, created_at, url) values (16, 1, '2021-06-24', '2021-06-25', '/sagittis/sapien/cum/sociis.jpg');
insert into projectFiles (id, project_id, updated_at, created_at, url) values (17, 13, '2021-05-04', '2021-11-19', '/dictumst/maecenas/ut.json');
insert into projectFiles (id, project_id, updated_at, created_at, url) values (18, 2, '2020-10-16', '2021-01-31', '/vitae/consectetuer/eget/rutrum/at/lorem.html');
insert into projectFiles (id, project_id, updated_at, created_at, url) values (19, 2, '2021-06-25', '2021-09-12', '/pulvinar/lobortis/est/phasellus/sit.js');
insert into projectFiles (id, project_id, updated_at, created_at, url) values (20, 2, '2021-06-04', '2020-12-04', '/mauris.js');


--reports (20)


insert into reports (id, user_id, text, report_type, report_state, reported_user_id, created_at) values (1, 6, 'et ultrices posuere cubilia curae nulla dapibus dolor vel est donec odio justo sollicitudin ut suscipit a feugiat et eros vestibulum ac est', 'BUG', 'PENDING', null, '2021-06-04');
insert into reports (id, user_id, text, report_type, report_state, reported_user_id, created_at) values (2, 25, 'ante vel ipsum praesent blandit lacinia erat vestibulum sed magna at nunc commodo placerat praesent blandit nam nulla integer pede justo lacinia eget tincidunt', 'BUG', 'BANNED', null, '2021-06-04');
insert into reports (id, user_id, text, report_type, report_state, reported_user_id, created_at) values (3, 19, 'in sapien iaculis congue vivamus metus arcu adipiscing molestie hendrerit at vulputate vitae nisl', 'BUG', 'BANNED', null, '2021-06-04');
insert into reports (id, user_id, text, report_type, report_state, reported_user_id, created_at) values (4, 27, 'volutpat in congue etiam justo etiam pretium iaculis justo in hac habitasse platea dictumst etiam faucibus cursus urna ut tellus nulla ut erat id mauris vulputate elementum nullam varius nulla', 'BUG', 'BANNED', null, '2021-06-04');
insert into reports (id, user_id, text, report_type, report_state, reported_user_id, created_at) values (5, 24, 'tincidunt eget tempus vel pede morbi porttitor lorem id ligula suspendisse ornare consequat lectus in est risus auctor sed tristique in tempus sit amet sem fusce', 'USER', 'IGNORED', 50, '2021-06-04');
insert into reports (id, user_id, text, report_type, report_state, reported_user_id, created_at) values (6, 25, 'maecenas ut massa quis augue luctus tincidunt nulla mollis molestie lorem quisque ut erat curabitur gravida nisi at', 'USER', 'PENDING', 12, '2021-06-04');
insert into reports (id, user_id, text, report_type, report_state, reported_user_id, created_at) values (7, 33, 'dui maecenas tristique est et tempus semper est quam pharetra magna', 'BUG', 'IGNORED', null, '2021-06-04');
insert into reports (id, user_id, text, report_type, report_state, reported_user_id, created_at) values (8, 15, 'eu nibh quisque id justo sit amet sapien dignissim vestibulum vestibulum ante ipsum primis in faucibus orci', 'USER', 'PENDING', 31, '2021-06-04');
insert into reports (id, user_id, text, report_type, report_state, reported_user_id, created_at) values (9, 32, 'ligula sit amet eleifend pede libero quis orci nullam molestie nibh in lectus pellentesque at nulla suspendisse potenti cras in purus', 'BUG', 'IGNORED', null, '2021-06-04');
insert into reports (id, user_id, text, report_type, report_state, reported_user_id, created_at) values (10, 24, 'tristique fusce congue diam id ornare imperdiet sapien urna pretium', 'BUG', 'BANNED', null, '2021-06-04');
insert into reports (id, user_id, text, report_type, report_state, reported_user_id, created_at) values (11, 8, 'sagittis nam congue risus semper porta volutpat quam pede lobortis ligula sit amet eleifend pede libero quis orci nullam', 'BUG', 'BANNED', null, '2021-06-04');
insert into reports (id, user_id, text, report_type, report_state, reported_user_id, created_at) values (12, 48, 'vestibulum velit id pretium iaculis diam erat fermentum justo nec condimentum neque sapien placerat ante nulla justo aliquam quis turpis eget elit sodales scelerisque mauris sit', 'USER', 'IGNORED', 1, '2021-06-04');
insert into reports (id, user_id, text, report_type, report_state, reported_user_id, created_at) values (13, 28, 'mauris viverra diam vitae quam suspendisse potenti nullam porttitor lacus at turpis donec posuere metus', 'BUG', 'BANNED', null, '2021-06-04');
insert into reports (id, user_id, text, report_type, report_state, reported_user_id, created_at) values (14, 40, 'vitae consectetuer eget rutrum at lorem integer tincidunt ante vel ipsum praesent blandit lacinia erat vestibulum sed magna at nunc commodo placerat praesent blandit nam nulla', 'USER', 'PENDING', 43, '2021-06-04');
insert into reports (id, user_id, text, report_type, report_state, reported_user_id, created_at) values (15, 38, 'nulla ultrices aliquet maecenas leo odio condimentum id luctus nec molestie sed justo pellentesque viverra pede ac diam cras pellentesque volutpat dui maecenas tristique est et', 'BUG', 'PENDING', null, '2021-06-04');
insert into reports (id, user_id, text, report_type, report_state, reported_user_id, created_at) values (16, 1, 'adipiscing elit proin risus praesent lectus vestibulum quam sapien varius ut blandit non', 'USER', 'PENDING', 18, '2021-06-04');
insert into reports (id, user_id, text, report_type, report_state, reported_user_id, created_at) values (17, 32, 'orci pede venenatis non sodales sed tincidunt eu felis fusce posuere felis sed lacus morbi sem mauris laoreet ut rhoncus aliquet pulvinar', 'USER', 'BANNED', 21, '2021-06-04');
insert into reports (id, user_id, text, report_type, report_state, reported_user_id, created_at) values (18, 36, 'odio condimentum id luctus nec molestie sed justo pellentesque viverra pede ac diam cras pellentesque volutpat dui maecenas tristique est et tempus semper est quam pharetra magna', 'BUG', 'BANNED', null, '2021-06-04');
insert into reports (id, user_id, text, report_type, report_state, reported_user_id, created_at) values (19, 3, 'elementum ligula vehicula consequat morbi a ipsum integer a nibh in quis justo maecenas rhoncus aliquam lacus morbi quis tortor id nulla ultrices aliquet maecenas leo odio condimentum id luctus', 'BUG', 'PENDING', null, '2021-06-04');
insert into reports (id, user_id, text, report_type, report_state, reported_user_id, created_at) values (20, 44, 'dolor vel est donec odio justo sollicitudin ut suscipit a feugiat et eros vestibulum ac est lacinia nisi venenatis tristique fusce congue diam id ornare imperdiet sapien urna pretium', 'USER', 'PENDING', 2, '2021-06-04');


-- tasks (50)


insert into tasks (id, creator_id, name, description, reminder_date, due_date, tag, project_id, created_at) values (1, 48, 'in faucibus orci luctus et ultrices posuere cubilia curae duis faucibus accumsan odio curabitur convallis duis consequat', 'odio cras mi pede malesuada in imperdiet et commodo vulputate justo in blandit ultrices enim lorem ipsum dolor sit amet', '2021-10-22', '2021-11-04', 'REVIEW', 17, '2021-10-01');
insert into tasks (id, creator_id, name, description, reminder_date, due_date, tag, project_id, created_at) values (2, 20, 'mi nulla ac enim in tempor turpis nec euismod scelerisque quam turpis adipiscing lorem vitae mattis nibh ligula nec sem duis aliquam convallis nunc proin at turpis a', 'non mauris morbi non lectus aliquam sit amet diam in magna bibendum imperdiet nullam orci pede venenatis non sodales sed tincidunt eu felis fusce', '2021-10-31', '2021-11-21', 'REVIEW', 20, '2021-10-04');
insert into tasks (id, creator_id, name, description, reminder_date, due_date, tag, project_id, created_at) values (3, 29, 'porta volutpat quam pede lobortis ligula sit amet eleifend pede libero quis orci nullam molestie nibh in lectus pellentesque', 'vulputate vitae nisl aenean lectus pellentesque eget nunc donec quis orci eget', '2021-10-21', '2021-11-08', 'CLOSED', 9, '2021-10-06');
insert into tasks (id, creator_id, name, description, reminder_date, due_date, tag, project_id, created_at) values (4, 9, 'tristique fusce congue diam id ornare imperdiet sapien urna pretium nisl ut volutpat sapien arcu sed augue aliquam erat volutpat in congue', 'at turpis donec posuere metus vitae ipsum aliquam non mauris morbi non lectus aliquam sit amet', '2021-10-23', '2021-11-23', 'REVIEW', 4, '2021-10-02');
insert into tasks (id, creator_id, name, description, reminder_date, due_date, tag, project_id, created_at) values (5, 48, 'phasellus sit amet erat nulla tempus vivamus in felis eu sapien cursus vestibulum proin eu mi nulla ac enim in tempor turpis', 'amet consectetuer adipiscing elit proin risus praesent lectus vestibulum quam sapien varius ut blandit non interdum in', '2021-10-29', '2021-11-20', 'REVIEW', 6, '2021-10-17');
insert into tasks (id, creator_id, name, description, reminder_date, due_date, tag, project_id, created_at) values (6, 47, 'vulputate justo in blandit ultrices enim lorem ipsum dolor sit amet consectetuer adipiscing elit', 'mattis odio donec vitae nisi nam ultrices libero non mattis pulvinar', '2021-10-25', '2021-11-08', 'CLOSED', 17, '2021-10-03');
insert into tasks (id, creator_id, name, description, reminder_date, due_date, tag, project_id, created_at) values (7, 31, 'est et tempus semper est quam pharetra magna ac consequat metus sapien ut nunc vestibulum ante ipsum primis in faucibus orci luctus et ultrices posuere', 'nullam molestie nibh in lectus pellentesque at nulla suspendisse potenti cras in purus eu magna vulputate luctus cum sociis natoque penatibus et magnis', '2021-10-25', '2021-11-21', 'REVIEW', 9, '2021-10-13');
insert into tasks (id, creator_id, name, description, reminder_date, due_date, tag, project_id, created_at) values (8, 15, 'et eros vestibulum ac est lacinia nisi venenatis tristique fusce congue diam id ornare imperdiet sapien urna pretium', 'integer pede justo lacinia eget tincidunt eget tempus vel pede morbi porttitor lorem id', '2021-10-24', '2021-11-16', 'DOING', 12, '2021-10-02');
insert into tasks (id, creator_id, name, description, reminder_date, due_date, tag, project_id, created_at) values (9, 36, 'lectus in est risus auctor sed tristique in tempus sit', 'praesent lectus vestibulum quam sapien varius ut blandit non interdum in ante vestibulum ante ipsum primis in faucibus orci luctus et ultrices posuere cubilia curae duis faucibus accumsan', '2021-10-23', '2021-11-24', 'REVIEW', 12, '2021-10-13');
insert into tasks (id, creator_id, name, description, reminder_date, due_date, tag, project_id, created_at) values (10, 42, 'vivamus metus arcu adipiscing molestie hendrerit at vulputate vitae nisl aenean lectus pellentesque eget nunc donec quis orci eget orci vehicula condimentum curabitur in', 'in faucibus orci luctus et ultrices posuere cubilia curae mauris viverra diam vitae quam suspendisse potenti nullam porttitor lacus at turpis', '2021-10-24', '2021-11-08', 'DOING', 3, '2021-10-01');
insert into tasks (id, creator_id, name, description, reminder_date, due_date, tag, project_id, created_at) values (11, 47, 'id mauris vulputate elementum nullam varius nulla facilisi cras non velit nec nisi vulputate nonummy maecenas tincidunt lacus', 'lobortis convallis tortor risus dapibus augue vel accumsan tellus nisi eu orci mauris lacinia sapien quis libero nullam sit amet turpis elementum ligula vehicula consequat morbi a ipsum integer', '2021-11-01', '2021-11-17', 'CLOSED', 9, '2021-10-04');
insert into tasks (id, creator_id, name, description, reminder_date, due_date, tag, project_id, created_at) values (12, 22, 'in quam fringilla rhoncus mauris enim leo rhoncus sed vestibulum sit amet cursus id turpis integer aliquet massa id lobortis convallis tortor risus dapibus augue vel', 'nunc donec quis orci eget orci vehicula condimentum curabitur in libero ut massa volutpat convallis morbi odio', '2021-10-22', '2021-11-16', 'DOING', 15, '2021-10-02');
insert into tasks (id, creator_id, name, description, reminder_date, due_date, tag, project_id, created_at) values (13, 14, 'nulla quisque arcu libero rutrum ac lobortis vel dapibus at diam nam tristique', 'nunc rhoncus dui vel sem sed sagittis nam congue risus semper porta volutpat quam pede lobortis ligula sit amet eleifend pede libero', '2021-10-23', '2021-11-04', 'CLOSED', 2, '2021-10-01');
insert into tasks (id, creator_id, name, description, reminder_date, due_date, tag, project_id, created_at) values (14, 43, 'elit sodales scelerisque mauris sit amet eros suspendisse accumsan tortor quis turpis sed ante vivamus tortor duis mattis egestas metus aenean fermentum', 'in imperdiet et commodo vulputate justo in blandit ultrices enim lorem ipsum', '2021-10-26', '2021-11-23', 'DOING', 6, '2021-10-10');
insert into tasks (id, creator_id, name, description, reminder_date, due_date, tag, project_id, created_at) values (15, 48, 'sapien in sapien iaculis congue vivamus metus arcu adipiscing molestie hendrerit at vulputate vitae nisl aenean lectus pellentesque eget nunc donec quis orci eget orci vehicula condimentum', 'amet consectetuer adipiscing elit proin risus praesent lectus vestibulum quam sapien varius ut blandit', '2021-10-28', '2021-11-18', 'REVIEW', 3, '2021-10-13');
insert into tasks (id, creator_id, name, description, reminder_date, due_date, tag, project_id, created_at) values (16, 22, 'nulla eget eros elementum pellentesque quisque porta volutpat erat quisque erat eros viverra eget congue eget semper rutrum nulla nunc purus phasellus in felis donec', 'nonummy maecenas tincidunt lacus at velit vivamus vel nulla eget eros elementum pellentesque quisque porta volutpat erat quisque', '2021-10-31', '2021-11-14', 'REVIEW', 7, '2021-10-04');
insert into tasks (id, creator_id, name, description, reminder_date, due_date, tag, project_id, created_at) values (17, 35, 'donec dapibus duis at velit eu est congue elementum in hac habitasse platea dictumst morbi vestibulum velit', 'ante vivamus tortor duis mattis egestas metus aenean fermentum donec ut mauris', '2021-11-01', '2021-11-19', 'CLOSED', 13, '2021-10-12');
insert into tasks (id, creator_id, name, description, reminder_date, due_date, tag, project_id, created_at) values (18, 23, 'ipsum dolor sit amet consectetuer adipiscing elit proin risus praesent lectus vestibulum quam sapien varius ut blandit non interdum in ante vestibulum ante ipsum primis in faucibus', 'tortor id nulla ultrices aliquet maecenas leo odio condimentum id luctus nec molestie sed justo pellentesque viverra pede ac diam cras pellentesque volutpat dui maecenas tristique est et tempus semper', '2021-10-27', '2021-11-10', 'REVIEW', 13, '2021-10-11');
insert into tasks (id, creator_id, name, description, reminder_date, due_date, tag, project_id, created_at) values (19, 29, 'quisque porta volutpat erat quisque erat eros viverra eget congue', 'aenean lectus pellentesque eget nunc donec quis orci eget orci vehicula condimentum curabitur in libero ut massa volutpat convallis morbi odio odio elementum eu interdum eu tincidunt in leo', '2021-10-25', '2021-11-23', 'CLOSED', 16, '2021-10-11');
insert into tasks (id, creator_id, name, description, reminder_date, due_date, tag, project_id, created_at) values (20, 5, 'consequat morbi a ipsum integer a nibh in quis justo maecenas rhoncus aliquam', 'in magna bibendum imperdiet nullam orci pede venenatis non sodales sed tincidunt eu felis fusce posuere felis sed lacus morbi sem mauris laoreet ut', '2021-10-26', '2021-11-19', 'TODO', 18, '2021-10-05');
insert into tasks (id, creator_id, name, description, reminder_date, due_date, tag, project_id, created_at) values (21, 48, 'lectus pellentesque at nulla suspendisse potenti cras in purus eu magna vulputate luctus cum sociis natoque penatibus et magnis dis parturient montes nascetur ridiculus mus vivamus vestibulum sagittis sapien cum', 'curae mauris viverra diam vitae quam suspendisse potenti nullam porttitor lacus at turpis donec posuere metus vitae ipsum aliquam non mauris morbi non', '2021-10-27', '2021-11-05', 'CLOSED', 9, '2021-10-01');
insert into tasks (id, creator_id, name, description, reminder_date, due_date, tag, project_id, created_at) values (22, 10, 'non sodales sed tincidunt eu felis fusce posuere felis sed lacus morbi sem', 'in imperdiet et commodo vulputate justo in blandit ultrices enim lorem', '2021-10-21', '2021-11-05', 'DOING', 12, '2021-10-14');
insert into tasks (id, creator_id, name, description, reminder_date, due_date, tag, project_id, created_at) values (23, 12, 'nisl nunc rhoncus dui vel sem sed sagittis nam congue risus semper porta volutpat quam pede lobortis ligula sit', 'eget eleifend luctus ultricies eu nibh quisque id justo sit amet sapien dignissim vestibulum vestibulum ante ipsum primis in faucibus orci luctus', '2021-10-22', '2021-11-11', 'DOING', 15, '2021-10-10');
insert into tasks (id, creator_id, name, description, reminder_date, due_date, tag, project_id, created_at) values (24, 29, 'orci luctus et ultrices posuere cubilia curae donec pharetra magna vestibulum aliquet ultrices erat tortor sollicitudin mi sit amet lobortis sapien sapien non mi integer ac neque duis bibendum morbi', 'id ligula suspendisse ornare consequat lectus in est risus auctor sed tristique in', '2021-10-24', '2021-11-21', 'REVIEW', 2, '2021-10-13');
insert into tasks (id, creator_id, name, description, reminder_date, due_date, tag, project_id, created_at) values (25, 22, 'eget vulputate ut ultrices vel augue vestibulum ante ipsum primis in faucibus orci luctus et ultrices posuere cubilia curae donec pharetra magna', 'pede ullamcorper augue a suscipit nulla elit ac nulla sed vel enim sit amet nunc viverra dapibus nulla', '2021-10-21', '2021-11-17', 'DOING', 16, '2021-10-11');
insert into tasks (id, creator_id, name, description, reminder_date, due_date, tag, project_id, created_at) values (26, 46, 'consequat nulla nisl nunc nisl duis bibendum felis sed interdum venenatis turpis enim blandit mi in porttitor pede justo', 'risus praesent lectus vestibulum quam sapien varius ut blandit non interdum in ante vestibulum ante ipsum primis in faucibus orci luctus et ultrices posuere cubilia', '2021-11-02', '2021-11-16', 'DOING', 11, '2021-10-01');
insert into tasks (id, creator_id, name, description, reminder_date, due_date, tag, project_id, created_at) values (27, 29, 'massa id nisl venenatis lacinia aenean sit amet justo morbi ut odio cras mi pede malesuada in imperdiet et', 'lacus at turpis donec posuere metus vitae ipsum aliquam non mauris morbi non lectus aliquam sit amet diam in magna bibendum imperdiet nullam orci pede', '2021-10-25', '2021-11-21', 'DOING', 8, '2021-10-11');
insert into tasks (id, creator_id, name, description, reminder_date, due_date, tag, project_id, created_at) values (28, 17, 'nulla quisque arcu libero rutrum ac lobortis vel dapibus at diam nam tristique', 'pede lobortis ligula sit amet eleifend pede libero quis orci nullam molestie nibh in lectus', '2021-10-21', '2021-11-08', 'CLOSED', 1, '2021-10-03');
insert into tasks (id, creator_id, name, description, reminder_date, due_date, tag, project_id, created_at) values (29, 43, 'aenean fermentum donec ut mauris eget massa tempor convallis nulla neque libero convallis eget eleifend luctus ultricies eu nibh quisque id justo sit amet sapien', 'sit amet nulla quisque arcu libero rutrum ac lobortis vel dapibus at diam nam tristique', '2021-10-28', '2021-11-26', 'DOING', 11, '2021-10-05');
insert into tasks (id, creator_id, name, description, reminder_date, due_date, tag, project_id, created_at) values (30, 20, 'sit amet cursus id turpis integer aliquet massa id lobortis convallis tortor risus dapibus augue vel accumsan tellus nisi eu orci mauris lacinia sapien quis libero nullam sit', 'ut nulla sed accumsan felis ut at dolor quis odio consequat varius integer ac', '2021-10-30', '2021-11-17', 'CLOSED', 13, '2021-10-15');
insert into tasks (id, creator_id, name, description, reminder_date, due_date, tag, project_id, created_at) values (31, 16, 'libero non mattis pulvinar nulla pede ullamcorper augue a suscipit nulla elit ac nulla sed vel enim sit amet nunc viverra dapibus nulla suscipit ligula in lacus', 'elementum in hac habitasse platea dictumst morbi vestibulum velit id pretium iaculis diam erat fermentum justo nec', '2021-10-27', '2021-11-28', 'TODO', 16, '2021-10-19');
insert into tasks (id, creator_id, name, description, reminder_date, due_date, tag, project_id, created_at) values (32, 37, 'condimentum neque sapien placerat ante nulla justo aliquam quis turpis eget elit', 'nulla tellus in sagittis dui vel nisl duis ac nibh fusce lacus purus', '2021-10-26', '2021-11-12', 'CLOSED', 19, '2021-10-01');
insert into tasks (id, creator_id, name, description, reminder_date, due_date, tag, project_id, created_at) values (33, 39, 'ante ipsum primis in faucibus orci luctus et ultrices posuere cubilia curae mauris viverra diam vitae quam suspendisse potenti nullam porttitor lacus at turpis donec', 'ullamcorper augue a suscipit nulla elit ac nulla sed vel enim sit amet nunc viverra dapibus nulla suscipit ligula in lacus', '2021-10-27', '2021-11-12', 'TODO', 14, '2021-10-13');
insert into tasks (id, creator_id, name, description, reminder_date, due_date, tag, project_id, created_at) values (34, 10, 'suscipit a feugiat et eros vestibulum ac est lacinia nisi venenatis tristique fusce congue diam id ornare imperdiet sapien urna pretium', 'dis parturient montes nascetur ridiculus mus vivamus vestibulum sagittis sapien cum sociis natoque penatibus et magnis dis parturient montes nascetur ridiculus mus etiam vel augue', '2021-10-26', '2021-11-09', 'DOING', 20, '2021-10-06');
insert into tasks (id, creator_id, name, description, reminder_date, due_date, tag, project_id, created_at) values (35, 8, 'tortor risus dapibus augue vel accumsan tellus nisi eu orci mauris lacinia sapien', 'etiam vel augue vestibulum rutrum rutrum neque aenean auctor gravida sem praesent id massa id nisl venenatis lacinia aenean sit amet justo morbi ut odio cras mi pede malesuada', '2021-10-28', '2021-11-28', 'DOING', 10, '2021-10-07');
insert into tasks (id, creator_id, name, description, reminder_date, due_date, tag, project_id, created_at) values (36, 22, 'nullam varius nulla facilisi cras non velit nec nisi vulputate nonummy maecenas tincidunt lacus at velit vivamus vel nulla eget eros elementum pellentesque quisque porta volutpat erat', 'pretium iaculis diam erat fermentum justo nec condimentum neque sapien placerat ante nulla justo', '2021-11-02', '2021-11-11', 'DOING', 12, '2021-10-07');
insert into tasks (id, creator_id, name, description, reminder_date, due_date, tag, project_id, created_at) values (37, 2, 'at lorem integer tincidunt ante vel ipsum praesent blandit lacinia erat vestibulum sed magna at nunc commodo placerat praesent', 'orci mauris lacinia sapien quis libero nullam sit amet turpis elementum ligula vehicula consequat morbi a ipsum integer', '2021-10-24', '2021-11-13', 'CLOSED', 16, '2021-10-11');
insert into tasks (id, creator_id, name, description, reminder_date, due_date, tag, project_id, created_at) values (38, 5, 'sollicitudin mi sit amet lobortis sapien sapien non mi integer ac neque duis bibendum morbi non quam nec dui luctus rutrum nulla tellus in', 'vitae quam suspendisse potenti nullam porttitor lacus at turpis donec posuere metus vitae ipsum aliquam non mauris morbi non lectus aliquam sit amet diam in magna bibendum imperdiet nullam', '2021-10-23', '2021-11-18', 'CLOSED', 10, '2021-10-12');
insert into tasks (id, creator_id, name, description, reminder_date, due_date, tag, project_id, created_at) values (39, 17, 'velit eu est congue elementum in hac habitasse platea dictumst morbi vestibulum velit id pretium iaculis diam erat fermentum justo nec condimentum neque', 'mauris vulputate elementum nullam varius nulla facilisi cras non velit nec nisi vulputate nonummy', '2021-10-31', '2021-11-20', 'TODO', 14, '2021-10-08');
insert into tasks (id, creator_id, name, description, reminder_date, due_date, tag, project_id, created_at) values (40, 8, 'et ultrices posuere cubilia curae nulla dapibus dolor vel est donec odio justo sollicitudin ut suscipit a feugiat et', 'venenatis non sodales sed tincidunt eu felis fusce posuere felis sed lacus morbi sem mauris laoreet ut rhoncus aliquet', '2021-10-23', '2021-11-06', 'CLOSED', 1, '2021-10-03');
insert into tasks (id, creator_id, name, description, reminder_date, due_date, tag, project_id, created_at) values (41, 34, 'hendrerit at vulputate vitae nisl aenean lectus pellentesque eget nunc donec quis orci eget orci vehicula condimentum curabitur in libero ut massa volutpat convallis morbi odio odio elementum eu interdum', 'cubilia curae nulla dapibus dolor vel est donec odio justo sollicitudin ut suscipit a feugiat', '2021-10-21', '2021-11-06', 'DOING', 9, '2021-10-09');
insert into tasks (id, creator_id, name, description, reminder_date, due_date, tag, project_id, created_at) values (42, 12, 'proin risus praesent lectus vestibulum quam sapien varius ut blandit non interdum', 'tortor risus dapibus augue vel accumsan tellus nisi eu orci mauris lacinia sapien quis libero', '2021-11-02', '2021-11-05', 'REVIEW', 13, '2021-10-03');
insert into tasks (id, creator_id, name, description, reminder_date, due_date, tag, project_id, created_at) values (43, 4, 'diam in magna bibendum imperdiet nullam orci pede venenatis non sodales sed tincidunt eu felis fusce posuere felis sed lacus morbi', 'quam sollicitudin vitae consectetuer eget rutrum at lorem integer tincidunt ante vel ipsum praesent', '2021-10-27', '2021-11-12', 'REVIEW', 10, '2021-10-15');
insert into tasks (id, creator_id, name, description, reminder_date, due_date, tag, project_id, created_at) values (44, 44, 'volutpat convallis morbi odio odio elementum eu interdum eu tincidunt in leo maecenas pulvinar lobortis', 'posuere felis sed lacus morbi sem mauris laoreet ut rhoncus aliquet pulvinar sed nisl nunc rhoncus dui vel', '2021-10-25', '2021-11-09', 'CLOSED', 20, '2021-10-03');
insert into tasks (id, creator_id, name, description, reminder_date, due_date, tag, project_id, created_at) values (45, 43, 'duis faucibus accumsan odio curabitur convallis duis consequat dui nec nisi volutpat', 'in lacus curabitur at ipsum ac tellus semper interdum mauris ullamcorper purus sit amet nulla quisque arcu libero rutrum ac lobortis vel dapibus at diam nam', '2021-10-22', '2021-11-26', 'DOING', 6, '2021-10-12');
insert into tasks (id, creator_id, name, description, reminder_date, due_date, tag, project_id, created_at) values (46, 11, 'dictumst etiam faucibus cursus urna ut tellus nulla ut erat id mauris vulputate elementum nullam varius nulla facilisi cras non velit nec nisi vulputate', 'vel nisl duis ac nibh fusce lacus purus aliquet at feugiat non pretium quis lectus suspendisse potenti in eleifend quam', '2021-10-28', '2021-11-09', 'DOING', 10, '2021-10-11');
insert into tasks (id, creator_id, name, description, reminder_date, due_date, tag, project_id, created_at) values (47, 23, 'pulvinar sed nisl nunc rhoncus dui vel sem sed sagittis nam congue risus semper porta', 'tristique fusce congue diam id ornare imperdiet sapien urna pretium', '2021-10-31', '2021-11-05', 'REVIEW', 15, '2021-10-07');
insert into tasks (id, creator_id, name, description, reminder_date, due_date, tag, project_id, created_at) values (48, 47, 'sit amet consectetuer adipiscing elit proin interdum mauris non ligula pellentesque ultrices phasellus id sapien in sapien iaculis congue vivamus metus arcu adipiscing molestie hendrerit at vulputate vitae', 'turpis adipiscing lorem vitae mattis nibh ligula nec sem duis aliquam convallis nunc proin at turpis a pede', '2021-10-22', '2021-11-25', 'CLOSED', 4, '2021-10-06');
insert into tasks (id, creator_id, name, description, reminder_date, due_date, tag, project_id, created_at) values (49, 21, 'cursus vestibulum proin eu mi nulla ac enim in tempor turpis nec euismod scelerisque quam turpis adipiscing lorem vitae mattis', 'praesent id massa id nisl venenatis lacinia aenean sit amet justo morbi ut odio cras mi pede malesuada in imperdiet et commodo vulputate justo', '2021-10-23', '2021-11-14', 'TODO', 11, '2021-10-02');
insert into tasks (id, creator_id, name, description, reminder_date, due_date, tag, project_id, created_at) values (50, 11, 'suscipit nulla elit ac nulla sed vel enim sit amet nunc viverra dapibus nulla suscipit ligula in lacus curabitur at', 'in faucibus orci luctus et ultrices posuere cubilia curae nulla dapibus dolor vel', '2021-10-30', '2021-11-27', 'CLOSED', 16, '2021-10-13');


-- userAssigns (99)


insert into userAssigns (user_id, task_id) values (15, 35);
insert into userAssigns (user_id, task_id) values (11, 30);
insert into userAssigns (user_id, task_id) values (40, 42);
insert into userAssigns (user_id, task_id) values (36, 4);
insert into userAssigns (user_id, task_id) values (33, 37);
insert into userAssigns (user_id, task_id) values (9, 41);
insert into userAssigns (user_id, task_id) values (10, 26);
insert into userAssigns (user_id, task_id) values (44, 49);
insert into userAssigns (user_id, task_id) values (4, 22);
insert into userAssigns (user_id, task_id) values (32, 38);
insert into userAssigns (user_id, task_id) values (13, 7);
insert into userAssigns (user_id, task_id) values (24, 5);
insert into userAssigns (user_id, task_id) values (40, 20);
insert into userAssigns (user_id, task_id) values (8, 43);
insert into userAssigns (user_id, task_id) values (15, 11);
insert into userAssigns (user_id, task_id) values (14, 13);
insert into userAssigns (user_id, task_id) values (6, 4);
insert into userAssigns (user_id, task_id) values (41, 15);
insert into userAssigns (user_id, task_id) values (31, 4);
insert into userAssigns (user_id, task_id) values (15, 45);
insert into userAssigns (user_id, task_id) values (36, 8);
insert into userAssigns (user_id, task_id) values (19, 6);
insert into userAssigns (user_id, task_id) values (29, 42);
insert into userAssigns (user_id, task_id) values (19, 13);
insert into userAssigns (user_id, task_id) values (43, 39);
insert into userAssigns (user_id, task_id) values (1, 30);
insert into userAssigns (user_id, task_id) values (30, 27);
insert into userAssigns (user_id, task_id) values (48, 50);
insert into userAssigns (user_id, task_id) values (6, 31);
insert into userAssigns (user_id, task_id) values (50, 23);
insert into userAssigns (user_id, task_id) values (29, 27);
insert into userAssigns (user_id, task_id) values (41, 18);
insert into userAssigns (user_id, task_id) values (36, 36);
insert into userAssigns (user_id, task_id) values (28, 40);
insert into userAssigns (user_id, task_id) values (44, 40);
insert into userAssigns (user_id, task_id) values (15, 43);
insert into userAssigns (user_id, task_id) values (22, 9);
insert into userAssigns (user_id, task_id) values (15, 1);
insert into userAssigns (user_id, task_id) values (6, 48);
insert into userAssigns (user_id, task_id) values (49, 21);
insert into userAssigns (user_id, task_id) values (14, 44);
insert into userAssigns (user_id, task_id) values (39, 24);
insert into userAssigns (user_id, task_id) values (10, 23);
insert into userAssigns (user_id, task_id) values (21, 1);
insert into userAssigns (user_id, task_id) values (42, 25);
insert into userAssigns (user_id, task_id) values (48, 10);
insert into userAssigns (user_id, task_id) values (16, 40);
insert into userAssigns (user_id, task_id) values (13, 50);
insert into userAssigns (user_id, task_id) values (9, 37);
insert into userAssigns (user_id, task_id) values (10, 44);
insert into userAssigns (user_id, task_id) values (36, 5);
insert into userAssigns (user_id, task_id) values (38, 2);
insert into userAssigns (user_id, task_id) values (40, 25);
insert into userAssigns (user_id, task_id) values (28, 34);
insert into userAssigns (user_id, task_id) values (5, 11);
insert into userAssigns (user_id, task_id) values (13, 2);
insert into userAssigns (user_id, task_id) values (15, 31);
insert into userAssigns (user_id, task_id) values (32, 33);
insert into userAssigns (user_id, task_id) values (12, 15);
insert into userAssigns (user_id, task_id) values (48, 26);
insert into userAssigns (user_id, task_id) values (20, 4);
insert into userAssigns (user_id, task_id) values (7, 35);
insert into userAssigns (user_id, task_id) values (45, 32);
insert into userAssigns (user_id, task_id) values (3, 50);
insert into userAssigns (user_id, task_id) values (45, 45);
insert into userAssigns (user_id, task_id) values (36, 39);
insert into userAssigns (user_id, task_id) values (13, 30);
insert into userAssigns (user_id, task_id) values (37, 47);
insert into userAssigns (user_id, task_id) values (27, 16);
insert into userAssigns (user_id, task_id) values (43, 15);
insert into userAssigns (user_id, task_id) values (30, 25);
insert into userAssigns (user_id, task_id) values (44, 21);
insert into userAssigns (user_id, task_id) values (35, 11);
insert into userAssigns (user_id, task_id) values (13, 14);
insert into userAssigns (user_id, task_id) values (1, 3);
insert into userAssigns (user_id, task_id) values (9, 22);
insert into userAssigns (user_id, task_id) values (33, 39);
insert into userAssigns (user_id, task_id) values (30, 32);
insert into userAssigns (user_id, task_id) values (27, 38);
insert into userAssigns (user_id, task_id) values (5, 10);
insert into userAssigns (user_id, task_id) values (31, 19);
insert into userAssigns (user_id, task_id) values (8, 26);
insert into userAssigns (user_id, task_id) values (18, 5);
insert into userAssigns (user_id, task_id) values (2, 13);
insert into userAssigns (user_id, task_id) values (48, 32);
insert into userAssigns (user_id, task_id) values (3, 5);
insert into userAssigns (user_id, task_id) values (44, 20);
insert into userAssigns (user_id, task_id) values (39, 50);
insert into userAssigns (user_id, task_id) values (42, 36);
insert into userAssigns (user_id, task_id) values (23, 21);
insert into userAssigns (user_id, task_id) values (47, 50);
insert into userAssigns (user_id, task_id) values (2, 11);
insert into userAssigns (user_id, task_id) values (35, 35);
insert into userAssigns (user_id, task_id) values (34, 12);
insert into userAssigns (user_id, task_id) values (22, 22);
insert into userAssigns (user_id, task_id) values (9, 50);
insert into userAssigns (user_id, task_id) values (45, 25);
insert into userAssigns (user_id, task_id) values (7, 48);
insert into userAssigns (user_id, task_id) values (21, 21);


-- taskComments (100)


insert into taskComments (id, user_id, task_id, comment, created_at) values (1, 4, 10, 'suscipit ligula in lacus curabitur at ipsum ac tellus semper interdum mauris ullamcorper purus sit amet nulla quisque arcu libero rutrum ac lobortis vel dapibus at diam nam tristique tortor', '2021-10-06');
insert into taskComments (id, user_id, task_id, comment, created_at) values (2, 48, 39, 'lacus purus aliquet at feugiat non pretium quis lectus suspendisse potenti in eleifend quam a odio in hac habitasse platea dictumst maecenas ut massa quis augue luctus tincidunt nulla mollis', '2021-10-16');
insert into taskComments (id, user_id, task_id, comment, created_at) values (3, 22, 9, 'est phasellus sit amet erat nulla tempus vivamus in felis eu sapien cursus vestibulum proin eu mi nulla ac enim', '2021-10-14');
insert into taskComments (id, user_id, task_id, comment, created_at) values (4, 22, 16, 'sem praesent id massa id nisl venenatis lacinia aenean sit amet justo', '2021-10-01');
insert into taskComments (id, user_id, task_id, comment, created_at) values (5, 16, 41, 'vitae mattis nibh ligula nec sem duis aliquam convallis nunc proin at turpis a pede', '2021-10-04');
insert into taskComments (id, user_id, task_id, comment, created_at) values (6, 13, 36, 'eu sapien cursus vestibulum proin eu mi nulla ac enim in tempor turpis', '2021-10-09');
insert into taskComments (id, user_id, task_id, comment, created_at) values (7, 36, 11, 'consectetuer adipiscing elit proin interdum mauris non ligula pellentesque ultrices phasellus', '2021-10-01');
insert into taskComments (id, user_id, task_id, comment, created_at) values (8, 10, 49, 'in lectus pellentesque at nulla suspendisse potenti cras in purus', '2021-10-05');
insert into taskComments (id, user_id, task_id, comment, created_at) values (9, 35, 11, 'nulla suspendisse potenti cras in purus eu magna vulputate luctus cum sociis natoque penatibus et magnis dis parturient montes nascetur ridiculus mus vivamus vestibulum sagittis sapien cum sociis natoque penatibus', '2021-10-16');
insert into taskComments (id, user_id, task_id, comment, created_at) values (10, 33, 48, 'nulla sed accumsan felis ut at dolor quis odio consequat varius integer ac leo', '2021-10-02');
insert into taskComments (id, user_id, task_id, comment, created_at) values (11, 33, 6, 'in faucibus orci luctus et ultrices posuere cubilia curae mauris viverra', '2021-10-01');
insert into taskComments (id, user_id, task_id, comment, created_at) values (12, 11, 21, 'dui nec nisi volutpat eleifend donec ut dolor morbi vel lectus in quam fringilla rhoncus mauris enim leo rhoncus sed vestibulum sit amet cursus id turpis integer aliquet massa', '2021-10-10');
insert into taskComments (id, user_id, task_id, comment, created_at) values (13, 7, 21, 'nullam sit amet turpis elementum ligula vehicula consequat morbi a ipsum integer a nibh in quis justo maecenas rhoncus', '2021-10-12');
insert into taskComments (id, user_id, task_id, comment, created_at) values (14, 38, 26, 'libero non mattis pulvinar nulla pede ullamcorper augue a suscipit nulla elit ac nulla sed vel enim sit amet nunc viverra', '2021-10-04');
insert into taskComments (id, user_id, task_id, comment, created_at) values (15, 24, 34, 'duis consequat dui nec nisi volutpat eleifend donec ut dolor', '2021-10-13');
insert into taskComments (id, user_id, task_id, comment, created_at) values (16, 30, 13, 'tortor id nulla ultrices aliquet maecenas leo odio condimentum id luctus nec molestie sed justo', '2021-10-04');
insert into taskComments (id, user_id, task_id, comment, created_at) values (17, 8, 2, 'vivamus metus arcu adipiscing molestie hendrerit at vulputate vitae nisl aenean lectus pellentesque eget nunc', '2021-10-18');
insert into taskComments (id, user_id, task_id, comment, created_at) values (18, 22, 9, 'lacinia nisi venenatis tristique fusce congue diam id ornare imperdiet', '2021-10-01');
insert into taskComments (id, user_id, task_id, comment, created_at) values (19, 20, 44, 'orci luctus et ultrices posuere cubilia curae donec pharetra magna vestibulum aliquet ultrices', '2021-10-02');
insert into taskComments (id, user_id, task_id, comment, created_at) values (20, 19, 15, 'suspendisse potenti in eleifend quam a odio in hac habitasse platea dictumst maecenas ut massa quis augue', '2021-10-17');
insert into taskComments (id, user_id, task_id, comment, created_at) values (21, 44, 1, 'praesent id massa id nisl venenatis lacinia aenean sit amet justo morbi ut odio cras mi pede malesuada in imperdiet et commodo vulputate justo in', '2021-10-19');
insert into taskComments (id, user_id, task_id, comment, created_at) values (22, 50, 4, 'donec odio justo sollicitudin ut suscipit a feugiat et eros vestibulum ac est lacinia nisi venenatis tristique fusce congue diam id', '2021-10-14');
insert into taskComments (id, user_id, task_id, comment, created_at) values (23, 26, 5, 'sed justo pellentesque viverra pede ac diam cras pellentesque volutpat', '2021-10-19');
insert into taskComments (id, user_id, task_id, comment, created_at) values (24, 31, 7, 'luctus et ultrices posuere cubilia curae mauris viverra diam vitae quam suspendisse potenti nullam porttitor lacus at turpis donec posuere metus vitae ipsum aliquam', '2021-10-06');
insert into taskComments (id, user_id, task_id, comment, created_at) values (25, 47, 27, 'magna bibendum imperdiet nullam orci pede venenatis non sodales sed tincidunt eu felis fusce posuere felis sed lacus', '2021-10-07');
insert into taskComments (id, user_id, task_id, comment, created_at) values (26, 15, 10, 'sociis natoque penatibus et magnis dis parturient montes nascetur ridiculus', '2021-10-16');
insert into taskComments (id, user_id, task_id, comment, created_at) values (27, 2, 24, 'justo aliquam quis turpis eget elit sodales scelerisque mauris sit amet eros suspendisse accumsan tortor quis turpis sed ante vivamus tortor duis', '2021-10-06');
insert into taskComments (id, user_id, task_id, comment, created_at) values (28, 13, 33, 'blandit non interdum in ante vestibulum ante ipsum primis in faucibus orci luctus et ultrices posuere cubilia curae duis faucibus accumsan odio curabitur convallis', '2021-10-01');
insert into taskComments (id, user_id, task_id, comment, created_at) values (29, 34, 49, 'ipsum dolor sit amet consectetuer adipiscing elit proin risus praesent lectus vestibulum quam sapien varius ut blandit non interdum in ante vestibulum ante ipsum', '2021-10-19');
insert into taskComments (id, user_id, task_id, comment, created_at) values (30, 15, 6, 'justo sollicitudin ut suscipit a feugiat et eros vestibulum ac est lacinia nisi venenatis tristique fusce congue diam id ornare', '2021-10-07');
insert into taskComments (id, user_id, task_id, comment, created_at) values (31, 48, 3, 'non interdum in ante vestibulum ante ipsum primis in faucibus orci luctus et', '2021-10-01');
insert into taskComments (id, user_id, task_id, comment, created_at) values (32, 11, 50, 'ipsum primis in faucibus orci luctus et ultrices posuere cubilia curae nulla dapibus dolor vel est donec odio justo sollicitudin ut suscipit a feugiat et eros vestibulum ac est', '2021-10-06');
insert into taskComments (id, user_id, task_id, comment, created_at) values (33, 8, 20, 'duis faucibus accumsan odio curabitur convallis duis consequat dui nec nisi volutpat eleifend donec ut dolor morbi vel lectus in quam fringilla rhoncus mauris enim leo', '2021-10-12');
insert into taskComments (id, user_id, task_id, comment, created_at) values (34, 19, 32, 'ut rhoncus aliquet pulvinar sed nisl nunc rhoncus dui vel sem sed sagittis nam congue risus semper porta volutpat quam', '2021-10-12');
insert into taskComments (id, user_id, task_id, comment, created_at) values (35, 44, 19, 'potenti nullam porttitor lacus at turpis donec posuere metus vitae ipsum aliquam non mauris morbi non lectus', '2021-10-04');
insert into taskComments (id, user_id, task_id, comment, created_at) values (36, 39, 30, 'sed augue aliquam erat volutpat in congue etiam justo etiam pretium iaculis justo in hac habitasse platea dictumst', '2021-10-03');
insert into taskComments (id, user_id, task_id, comment, created_at) values (37, 19, 13, 'porttitor id consequat in consequat ut nulla sed accumsan felis ut at dolor quis', '2021-10-15');
insert into taskComments (id, user_id, task_id, comment, created_at) values (38, 17, 35, 'maecenas tristique est et tempus semper est quam pharetra magna ac consequat metus sapien ut nunc vestibulum ante ipsum primis', '2021-10-18');
insert into taskComments (id, user_id, task_id, comment, created_at) values (39, 11, 10, 'sit amet erat nulla tempus vivamus in felis eu sapien cursus vestibulum proin eu mi nulla ac enim', '2021-10-07');
insert into taskComments (id, user_id, task_id, comment, created_at) values (40, 40, 34, 'in quis justo maecenas rhoncus aliquam lacus morbi quis tortor id', '2021-10-05');
insert into taskComments (id, user_id, task_id, comment, created_at) values (41, 7, 49, 'duis ac nibh fusce lacus purus aliquet at feugiat non pretium quis lectus suspendisse potenti', '2021-10-16');
insert into taskComments (id, user_id, task_id, comment, created_at) values (42, 11, 4, 'sapien cursus vestibulum proin eu mi nulla ac enim in tempor turpis nec euismod scelerisque quam turpis adipiscing lorem vitae mattis nibh ligula nec sem duis aliquam', '2021-10-08');
insert into taskComments (id, user_id, task_id, comment, created_at) values (43, 41, 8, 'semper rutrum nulla nunc purus phasellus in felis donec semper sapien a libero nam dui proin leo odio porttitor id', '2021-10-19');
insert into taskComments (id, user_id, task_id, comment, created_at) values (44, 18, 19, 'dapibus duis at velit eu est congue elementum in hac habitasse platea dictumst morbi vestibulum velit id pretium iaculis diam erat fermentum justo nec condimentum neque sapien', '2021-10-09');
insert into taskComments (id, user_id, task_id, comment, created_at) values (45, 6, 1, 'vitae quam suspendisse potenti nullam porttitor lacus at turpis donec posuere metus vitae ipsum', '2021-10-13');
insert into taskComments (id, user_id, task_id, comment, created_at) values (46, 20, 10, 'adipiscing elit proin risus praesent lectus vestibulum quam sapien varius ut blandit non interdum in ante vestibulum ante ipsum primis in faucibus', '2021-10-17');
insert into taskComments (id, user_id, task_id, comment, created_at) values (47, 30, 30, 'eget tincidunt eget tempus vel pede morbi porttitor lorem id ligula suspendisse ornare consequat lectus in', '2021-10-17');
insert into taskComments (id, user_id, task_id, comment, created_at) values (48, 48, 23, 'tempor convallis nulla neque libero convallis eget eleifend luctus ultricies eu nibh quisque id justo sit amet sapien dignissim vestibulum vestibulum ante ipsum primis', '2021-10-02');
insert into taskComments (id, user_id, task_id, comment, created_at) values (49, 15, 21, 'sapien ut nunc vestibulum ante ipsum primis in faucibus orci luctus et ultrices posuere cubilia curae mauris viverra diam vitae', '2021-10-05');
insert into taskComments (id, user_id, task_id, comment, created_at) values (50, 11, 9, 'porta volutpat quam pede lobortis ligula sit amet eleifend pede libero quis orci nullam molestie nibh in lectus pellentesque at nulla', '2021-10-09');
insert into taskComments (id, user_id, task_id, comment, created_at) values (51, 42, 46, 'orci vehicula condimentum curabitur in libero ut massa volutpat convallis morbi odio', '2021-10-11');
insert into taskComments (id, user_id, task_id, comment, created_at) values (52, 22, 7, 'cras pellentesque volutpat dui maecenas tristique est et tempus semper est quam pharetra magna ac consequat', '2021-10-01');
insert into taskComments (id, user_id, task_id, comment, created_at) values (53, 26, 33, 'posuere nonummy integer non velit donec diam neque vestibulum eget vulputate ut ultrices vel augue vestibulum ante ipsum primis', '2021-10-10');
insert into taskComments (id, user_id, task_id, comment, created_at) values (54, 32, 40, 'neque duis bibendum morbi non quam nec dui luctus rutrum', '2021-10-15');
insert into taskComments (id, user_id, task_id, comment, created_at) values (55, 9, 43, 'primis in faucibus orci luctus et ultrices posuere cubilia curae duis faucibus accumsan odio curabitur convallis duis consequat dui', '2021-10-07');
insert into taskComments (id, user_id, task_id, comment, created_at) values (56, 46, 14, 'pede venenatis non sodales sed tincidunt eu felis fusce posuere felis sed lacus morbi sem mauris laoreet ut rhoncus aliquet pulvinar sed', '2021-10-14');
insert into taskComments (id, user_id, task_id, comment, created_at) values (57, 37, 15, 'quis odio consequat varius integer ac leo pellentesque ultrices mattis odio donec vitae nisi nam ultrices libero non mattis pulvinar nulla pede ullamcorper augue a suscipit nulla elit ac', '2021-10-03');
insert into taskComments (id, user_id, task_id, comment, created_at) values (58, 40, 14, 'sit amet sem fusce consequat nulla nisl nunc nisl duis bibendum felis sed interdum venenatis turpis enim blandit', '2021-10-09');
insert into taskComments (id, user_id, task_id, comment, created_at) values (59, 46, 33, 'in hac habitasse platea dictumst aliquam augue quam sollicitudin vitae consectetuer eget rutrum at lorem', '2021-10-17');
insert into taskComments (id, user_id, task_id, comment, created_at) values (60, 50, 17, 'orci mauris lacinia sapien quis libero nullam sit amet turpis', '2021-10-02');
insert into taskComments (id, user_id, task_id, comment, created_at) values (61, 36, 20, 'pede posuere nonummy integer non velit donec diam neque vestibulum eget vulputate ut ultrices vel augue vestibulum ante ipsum primis in faucibus orci luctus', '2021-10-09');
insert into taskComments (id, user_id, task_id, comment, created_at) values (62, 37, 29, 'mi nulla ac enim in tempor turpis nec euismod scelerisque quam turpis adipiscing', '2021-10-12');
insert into taskComments (id, user_id, task_id, comment, created_at) values (63, 46, 50, 'duis faucibus accumsan odio curabitur convallis duis consequat dui nec nisi volutpat eleifend donec ut dolor morbi vel lectus in quam fringilla rhoncus mauris enim leo rhoncus sed vestibulum', '2021-10-02');
insert into taskComments (id, user_id, task_id, comment, created_at) values (64, 18, 18, 'aliquam erat volutpat in congue etiam justo etiam pretium iaculis justo', '2021-10-11');
insert into taskComments (id, user_id, task_id, comment, created_at) values (65, 34, 49, 'curabitur at ipsum ac tellus semper interdum mauris ullamcorper purus sit amet nulla quisque arcu libero rutrum ac lobortis', '2021-10-10');
insert into taskComments (id, user_id, task_id, comment, created_at) values (66, 7, 6, 'maecenas tincidunt lacus at velit vivamus vel nulla eget eros elementum pellentesque quisque', '2021-10-12');
insert into taskComments (id, user_id, task_id, comment, created_at) values (67, 27, 35, 'risus dapibus augue vel accumsan tellus nisi eu orci mauris lacinia sapien quis libero nullam sit amet turpis elementum ligula vehicula consequat morbi a ipsum integer a nibh in quis', '2021-10-05');
insert into taskComments (id, user_id, task_id, comment, created_at) values (68, 22, 38, 'nulla elit ac nulla sed vel enim sit amet nunc viverra dapibus nulla suscipit ligula in lacus curabitur at ipsum ac tellus semper interdum mauris ullamcorper purus sit', '2021-10-15');
insert into taskComments (id, user_id, task_id, comment, created_at) values (69, 46, 14, 'vestibulum eget vulputate ut ultrices vel augue vestibulum ante ipsum primis in faucibus orci', '2021-10-08');
insert into taskComments (id, user_id, task_id, comment, created_at) values (70, 15, 2, 'et commodo vulputate justo in blandit ultrices enim lorem ipsum dolor', '2021-10-02');
insert into taskComments (id, user_id, task_id, comment, created_at) values (71, 14, 36, 'quam pharetra magna ac consequat metus sapien ut nunc vestibulum ante ipsum primis', '2021-10-17');
insert into taskComments (id, user_id, task_id, comment, created_at) values (72, 32, 49, 'lacinia nisi venenatis tristique fusce congue diam id ornare imperdiet sapien urna pretium nisl ut volutpat sapien', '2021-10-04');
insert into taskComments (id, user_id, task_id, comment, created_at) values (73, 41, 33, 'aliquam lacus morbi quis tortor id nulla ultrices aliquet maecenas leo odio condimentum id luctus nec molestie sed justo pellentesque viverra pede ac diam cras pellentesque volutpat', '2021-10-18');
insert into taskComments (id, user_id, task_id, comment, created_at) values (74, 21, 11, 'augue a suscipit nulla elit ac nulla sed vel enim sit amet nunc viverra dapibus nulla suscipit ligula', '2021-10-02');
insert into taskComments (id, user_id, task_id, comment, created_at) values (75, 47, 17, 'aenean lectus pellentesque eget nunc donec quis orci eget orci vehicula condimentum curabitur in libero ut massa volutpat convallis morbi odio odio elementum eu interdum eu tincidunt', '2021-10-14');
insert into taskComments (id, user_id, task_id, comment, created_at) values (76, 29, 16, 'mauris laoreet ut rhoncus aliquet pulvinar sed nisl nunc rhoncus dui vel sem sed sagittis nam congue risus semper porta volutpat quam pede lobortis ligula sit', '2021-10-18');
insert into taskComments (id, user_id, task_id, comment, created_at) values (77, 45, 34, 'proin eu mi nulla ac enim in tempor turpis nec euismod scelerisque quam turpis adipiscing lorem vitae mattis nibh ligula nec sem', '2021-10-02');
insert into taskComments (id, user_id, task_id, comment, created_at) values (78, 46, 17, 'et eros vestibulum ac est lacinia nisi venenatis tristique fusce congue diam id ornare imperdiet sapien urna pretium nisl ut volutpat sapien arcu sed augue aliquam erat volutpat in congue', '2021-10-15');
insert into taskComments (id, user_id, task_id, comment, created_at) values (79, 34, 16, 'orci luctus et ultrices posuere cubilia curae donec pharetra magna vestibulum aliquet ultrices erat tortor sollicitudin mi sit amet lobortis sapien sapien non mi', '2021-10-01');
insert into taskComments (id, user_id, task_id, comment, created_at) values (80, 16, 24, 'ut suscipit a feugiat et eros vestibulum ac est lacinia', '2021-10-18');
insert into taskComments (id, user_id, task_id, comment, created_at) values (81, 37, 19, 'etiam pretium iaculis justo in hac habitasse platea dictumst etiam faucibus', '2021-10-12');
insert into taskComments (id, user_id, task_id, comment, created_at) values (82, 45, 17, 'porttitor id consequat in consequat ut nulla sed accumsan felis ut at dolor quis odio consequat varius integer ac leo pellentesque', '2021-10-18');
insert into taskComments (id, user_id, task_id, comment, created_at) values (83, 29, 24, 'ac consequat metus sapien ut nunc vestibulum ante ipsum primis in faucibus orci', '2021-10-16');
insert into taskComments (id, user_id, task_id, comment, created_at) values (84, 37, 43, 'quam a odio in hac habitasse platea dictumst maecenas ut massa quis augue luctus tincidunt nulla mollis molestie lorem quisque ut erat curabitur gravida', '2021-10-08');
insert into taskComments (id, user_id, task_id, comment, created_at) values (85, 47, 9, 'faucibus orci luctus et ultrices posuere cubilia curae mauris viverra diam vitae quam suspendisse potenti', '2021-10-03');
insert into taskComments (id, user_id, task_id, comment, created_at) values (86, 7, 13, 'etiam pretium iaculis justo in hac habitasse platea dictumst etiam faucibus cursus urna ut', '2021-10-06');
insert into taskComments (id, user_id, task_id, comment, created_at) values (87, 15, 21, 'pellentesque quisque porta volutpat erat quisque erat eros viverra eget congue eget semper rutrum nulla nunc purus phasellus in felis donec semper', '2021-10-11');
insert into taskComments (id, user_id, task_id, comment, created_at) values (88, 32, 15, 'vestibulum rutrum rutrum neque aenean auctor gravida sem praesent id', '2021-10-19');
insert into taskComments (id, user_id, task_id, comment, created_at) values (89, 15, 24, 'in porttitor pede justo eu massa donec dapibus duis at', '2021-10-09');
insert into taskComments (id, user_id, task_id, comment, created_at) values (90, 45, 28, 'pellentesque ultrices phasellus id sapien in sapien iaculis congue vivamus metus arcu adipiscing molestie hendrerit at vulputate vitae nisl aenean', '2021-10-18');
insert into taskComments (id, user_id, task_id, comment, created_at) values (91, 15, 9, 'ut suscipit a feugiat et eros vestibulum ac est lacinia nisi venenatis tristique fusce congue diam id ornare imperdiet sapien urna pretium nisl ut', '2021-10-17');
insert into taskComments (id, user_id, task_id, comment, created_at) values (92, 28, 4, 'sapien a libero nam dui proin leo odio porttitor id consequat in consequat ut', '2021-10-17');
insert into taskComments (id, user_id, task_id, comment, created_at) values (93, 30, 3, 'cubilia curae donec pharetra magna vestibulum aliquet ultrices erat tortor sollicitudin mi sit amet lobortis sapien sapien non mi integer ac neque duis bibendum morbi non quam', '2021-10-01');
insert into taskComments (id, user_id, task_id, comment, created_at) values (94, 14, 27, 'curabitur convallis duis consequat dui nec nisi volutpat eleifend donec ut dolor', '2021-10-09');
insert into taskComments (id, user_id, task_id, comment, created_at) values (95, 35, 2, 'non mattis pulvinar nulla pede ullamcorper augue a suscipit nulla elit ac nulla sed vel enim sit amet nunc viverra dapibus nulla suscipit ligula in', '2021-10-09');
insert into taskComments (id, user_id, task_id, comment, created_at) values (96, 11, 38, 'integer ac neque duis bibendum morbi non quam nec dui luctus', '2021-10-16');
insert into taskComments (id, user_id, task_id, comment, created_at) values (97, 24, 29, 'tortor sollicitudin mi sit amet lobortis sapien sapien non mi integer ac neque duis bibendum morbi non quam nec dui luctus rutrum nulla', '2021-10-06');
insert into taskComments (id, user_id, task_id, comment, created_at) values (98, 1, 28, 'felis fusce posuere felis sed lacus morbi sem mauris laoreet ut rhoncus aliquet', '2021-10-04');
insert into taskComments (id, user_id, task_id, comment, created_at) values (99, 46, 25, 'maecenas leo odio condimentum id luctus nec molestie sed justo pellentesque viverra pede', '2021-10-01');
insert into taskComments (id, user_id, task_id, comment, created_at) values (100, 44, 44, 'nec condimentum neque sapien placerat ante nulla justo aliquam quis turpis eget elit sodales scelerisque mauris sit amet eros suspendisse accumsan', '2021-10-02');


--notifications

insert into notifications (id, notification_type, user_id, invitation_user_id, project_message_id, report_id, private_message_id, task_id, task_comment_id, invitation_project_id, created_at) values (1, 'COMMENT', 34, null, 15, 9, 92, 48, 32, null, '2020-10-30');
insert into notifications (id, notification_type, user_id, invitation_user_id, project_message_id, report_id, private_message_id, task_id, task_comment_id, invitation_project_id, created_at) values (2, 'REMINDER', 21, null, 4, 1, 31, 43, 78, null, '2021-05-09');
insert into notifications (id, notification_type, user_id, invitation_user_id, project_message_id, report_id, private_message_id, task_id, task_comment_id, invitation_project_id, created_at) values (3, 'FORUM', 23, null, 1, 8, 16, 7, 51, null, '2020-12-30');
insert into notifications (id, notification_type, user_id, invitation_user_id, project_message_id, report_id, private_message_id, task_id, task_comment_id, invitation_project_id, created_at) values (4, 'COMMENT', 36, null, 14, 20, 30, 42, 24, null, '2020-12-21');
insert into notifications (id, notification_type, user_id, invitation_user_id, project_message_id, report_id, private_message_id, task_id, task_comment_id, invitation_project_id, created_at) values (5, 'FORUM', 34, null, 28, 10, 11, 6, 61, null, '2021-01-20');
insert into notifications (id, notification_type, user_id, invitation_user_id, project_message_id, report_id, private_message_id, task_id, task_comment_id, invitation_project_id, created_at) values (6, 'FORUM', 44, null, 45, 7, 29, 28, 96, null, '2021-11-26');
insert into notifications (id, notification_type, user_id, invitation_user_id, project_message_id, report_id, private_message_id, task_id, task_comment_id, invitation_project_id, created_at) values (7, 'COMMENT', 28, null, 44, 20, 44, 47, 89, null, '2020-10-18');
insert into notifications (id, notification_type, user_id, invitation_user_id, project_message_id, report_id, private_message_id, task_id, task_comment_id, invitation_project_id, created_at) values (8, 'MESSAGE', 18, null, 42, 12, 90, 20, 39, null, '2021-08-27');
insert into notifications (id, notification_type, user_id, invitation_user_id, project_message_id, report_id, private_message_id, task_id, task_comment_id, invitation_project_id, created_at) values (9, 'INVITE', 18, null, 46, 14, 51, 21, 12, null, '2021-09-29');
insert into notifications (id, notification_type, user_id, invitation_user_id, project_message_id, report_id, private_message_id, task_id, task_comment_id, invitation_project_id, created_at) values (10, 'FORUM', 32, null, 39, 1, 43, 21, 85, null, '2021-04-28');
insert into notifications (id, notification_type, user_id, invitation_user_id, project_message_id, report_id, private_message_id, task_id, task_comment_id, invitation_project_id, created_at) values (11, 'MESSAGE', 35, null, 23, 13, 72, 26, 37, null, '2020-11-18');
insert into notifications (id, notification_type, user_id, invitation_user_id, project_message_id, report_id, private_message_id, task_id, task_comment_id, invitation_project_id, created_at) values (12, 'REPORT', 41, null, 48, 1, 68, 5, 47, null, '2021-09-26');
insert into notifications (id, notification_type, user_id, invitation_user_id, project_message_id, report_id, private_message_id, task_id, task_comment_id, invitation_project_id, created_at) values (13, 'FORUM', 41, null, 26, 13, 45, 9, 5, null, '2021-01-30');
insert into notifications (id, notification_type, user_id, invitation_user_id, project_message_id, report_id, private_message_id, task_id, task_comment_id, invitation_project_id, created_at) values (14, 'COMMENT', 34, null, 18, 16, 3, 22, 66, null, '2021-06-23');
insert into notifications (id, notification_type, user_id, invitation_user_id, project_message_id, report_id, private_message_id, task_id, task_comment_id, invitation_project_id, created_at) values (15, 'REMINDER', 16, null, 32, 17, 78, 13, 88, null, '2021-02-15');
insert into notifications (id, notification_type, user_id, invitation_user_id, project_message_id, report_id, private_message_id, task_id, task_comment_id, invitation_project_id, created_at) values (16, 'MESSAGE', 7, null, 22, 18, 13, 16, 20, null, '2021-07-14');
insert into notifications (id, notification_type, user_id, invitation_user_id, project_message_id, report_id, private_message_id, task_id, task_comment_id, invitation_project_id, created_at) values (17, 'REMINDER', 39, null, 35, 16, 43, 28, 13, null, '2021-08-05');
insert into notifications (id, notification_type, user_id, invitation_user_id, project_message_id, report_id, private_message_id, task_id, task_comment_id, invitation_project_id, created_at) values (18, 'INVITE', 47, null, 48, 20, 6, 21, 16, null, '2020-10-17');
insert into notifications (id, notification_type, user_id, invitation_user_id, project_message_id, report_id, private_message_id, task_id, task_comment_id, invitation_project_id, created_at) values (19, 'MESSAGE', 4, null, 14, 13, 78, 42, 26, null, '2021-05-30');
insert into notifications (id, notification_type, user_id, invitation_user_id, project_message_id, report_id, private_message_id, task_id, task_comment_id, invitation_project_id, created_at) values (20, 'FORUM', 15, null, 32, 10, 56, 18, 89, null, '2020-12-31');
insert into notifications (id, notification_type, user_id, invitation_user_id, project_message_id, report_id, private_message_id, task_id, task_comment_id, invitation_project_id, created_at) values (21, 'MESSAGE', 14, null, 29, 20, 63, 37, 61, null, '2021-10-16');
insert into notifications (id, notification_type, user_id, invitation_user_id, project_message_id, report_id, private_message_id, task_id, task_comment_id, invitation_project_id, created_at) values (22, 'FORUM', 33, null, 24, 11, 83, 18, 97, null, '2020-12-29');
insert into notifications (id, notification_type, user_id, invitation_user_id, project_message_id, report_id, private_message_id, task_id, task_comment_id, invitation_project_id, created_at) values (23, 'MESSAGE', 14, null, 26, 19, 8, 12, 98, null, '2021-04-22');
insert into notifications (id, notification_type, user_id, invitation_user_id, project_message_id, report_id, private_message_id, task_id, task_comment_id, invitation_project_id, created_at) values (24, 'REMINDER', 23, null, 49, 10, 87, 31, 28, null, '2021-11-17');
insert into notifications (id, notification_type, user_id, invitation_user_id, project_message_id, report_id, private_message_id, task_id, task_comment_id, invitation_project_id, created_at) values (25, 'INVITE', 43, null, 13, 9, 54, 9, 85, null, '2021-02-10');
insert into notifications (id, notification_type, user_id, invitation_user_id, project_message_id, report_id, private_message_id, task_id, task_comment_id, invitation_project_id, created_at) values (26, 'REPORT', 33, null, 17, 13, 80, 30, 58, null, '2020-11-07');
insert into notifications (id, notification_type, user_id, invitation_user_id, project_message_id, report_id, private_message_id, task_id, task_comment_id, invitation_project_id, created_at) values (27, 'COMMENT', 9, null, 9, 5, 51, 7, 81, null, '2020-11-28');
insert into notifications (id, notification_type, user_id, invitation_user_id, project_message_id, report_id, private_message_id, task_id, task_comment_id, invitation_project_id, created_at) values (28, 'FORUM', 8, null, 34, 16, 51, 8, 75, null, '2020-11-26');
insert into notifications (id, notification_type, user_id, invitation_user_id, project_message_id, report_id, private_message_id, task_id, task_comment_id, invitation_project_id, created_at) values (29, 'COMMENT', 47, null, 7, 13, 3, 38, 82, null, '2021-09-23');
insert into notifications (id, notification_type, user_id, invitation_user_id, project_message_id, report_id, private_message_id, task_id, task_comment_id, invitation_project_id, created_at) values (30, 'FORUM', 43, null, 2, 17, 65, 1, 48, null, '2021-07-29');
insert into notifications (id, notification_type, user_id, invitation_user_id, project_message_id, report_id, private_message_id, task_id, task_comment_id, invitation_project_id, created_at) values (31, 'MESSAGE', 12, null, 13, 19, 30, 8, 86, null, '2020-12-08');
insert into notifications (id, notification_type, user_id, invitation_user_id, project_message_id, report_id, private_message_id, task_id, task_comment_id, invitation_project_id, created_at) values (32, 'MESSAGE', 46, null, 37, 8, 50, 49, 35, null, '2020-11-12');
insert into notifications (id, notification_type, user_id, invitation_user_id, project_message_id, report_id, private_message_id, task_id, task_comment_id, invitation_project_id, created_at) values (33, 'FORUM', 48, null, 37, 5, 75, 16, 35, null, '2021-08-20');
insert into notifications (id, notification_type, user_id, invitation_user_id, project_message_id, report_id, private_message_id, task_id, task_comment_id, invitation_project_id, created_at) values (34, 'INVITE', 11, null, 27, 14, 35, 2, 14, null, '2021-08-29');
insert into notifications (id, notification_type, user_id, invitation_user_id, project_message_id, report_id, private_message_id, task_id, task_comment_id, invitation_project_id, created_at) values (35, 'REMINDER', 14, null, 34, 5, 47, 5, 53, null, '2021-03-23');
insert into notifications (id, notification_type, user_id, invitation_user_id, project_message_id, report_id, private_message_id, task_id, task_comment_id, invitation_project_id, created_at) values (36, 'FORUM', 17, null, 26, 16, 42, 12, 12, null, '2020-12-19');
insert into notifications (id, notification_type, user_id, invitation_user_id, project_message_id, report_id, private_message_id, task_id, task_comment_id, invitation_project_id, created_at) values (37, 'INVITE', 2, null, 5, 20, 45, 21, 21, null, '2021-04-18');
insert into notifications (id, notification_type, user_id, invitation_user_id, project_message_id, report_id, private_message_id, task_id, task_comment_id, invitation_project_id, created_at) values (38, 'REMINDER', 24, null, 33, 7, 60, 27, 64, null, '2020-12-16');
insert into notifications (id, notification_type, user_id, invitation_user_id, project_message_id, report_id, private_message_id, task_id, task_comment_id, invitation_project_id, created_at) values (39, 'COMMENT', 2, null, 3, 5, 15, 16, 18, null, '2021-07-28');
insert into notifications (id, notification_type, user_id, invitation_user_id, project_message_id, report_id, private_message_id, task_id, task_comment_id, invitation_project_id, created_at) values (40, 'REMINDER', 29, null, 15, 6, 87, 24, 6, null, '2021-04-02');
insert into notifications (id, notification_type, user_id, invitation_user_id, project_message_id, report_id, private_message_id, task_id, task_comment_id, invitation_project_id, created_at) values (41, 'REPORT', 1, null, 36, 1, 18, 21, 15, null, '2021-10-08');
insert into notifications (id, notification_type, user_id, invitation_user_id, project_message_id, report_id, private_message_id, task_id, task_comment_id, invitation_project_id, created_at) values (42, 'INVITE', 26, null, 49, 16, 100, 20, 50, null, '2021-11-01');
insert into notifications (id, notification_type, user_id, invitation_user_id, project_message_id, report_id, private_message_id, task_id, task_comment_id, invitation_project_id, created_at) values (43, 'FORUM', 21, null, 13, 14, 5, 20, 98, null, '2021-11-15');
insert into notifications (id, notification_type, user_id, invitation_user_id, project_message_id, report_id, private_message_id, task_id, task_comment_id, invitation_project_id, created_at) values (44, 'REPORT', 12, null, 48, 11, 85, 7, 18, null, '2021-05-05');
insert into notifications (id, notification_type, user_id, invitation_user_id, project_message_id, report_id, private_message_id, task_id, task_comment_id, invitation_project_id, created_at) values (45, 'FORUM', 47, null, 13, 18, 81, 31, 53, null, '2021-03-05');
insert into notifications (id, notification_type, user_id, invitation_user_id, project_message_id, report_id, private_message_id, task_id, task_comment_id, invitation_project_id, created_at) values (46, 'COMMENT', 25, null, 32, 2, 47, 43, 8, null, '2021-05-31');
insert into notifications (id, notification_type, user_id, invitation_user_id, project_message_id, report_id, private_message_id, task_id, task_comment_id, invitation_project_id, created_at) values (47, 'REPORT', 33, null, 39, 19, 56, 21, 91, null, '2021-05-20');
insert into notifications (id, notification_type, user_id, invitation_user_id, project_message_id, report_id, private_message_id, task_id, task_comment_id, invitation_project_id, created_at) values (48, 'REPORT', 26, null, 39, 10, 48, 16, 38, null, '2021-11-20');
insert into notifications (id, notification_type, user_id, invitation_user_id, project_message_id, report_id, private_message_id, task_id, task_comment_id, invitation_project_id, created_at) values (49, 'REMINDER', 27, null, 41, 19, 92, 49, 30, null, '2021-03-28');
insert into notifications (id, notification_type, user_id, invitation_user_id, project_message_id, report_id, private_message_id, task_id, task_comment_id, invitation_project_id, created_at) values (50, 'REPORT', 3, null, 37, 14, 89, 4, 31, null, '2021-05-25');
insert into notifications (id, notification_type, user_id, invitation_user_id, project_message_id, report_id, private_message_id, task_id, task_comment_id, invitation_project_id, created_at) values (51, 'COMMENT', 44, null, 27, 3, 23, 31, 60, null, '2020-11-14');
insert into notifications (id, notification_type, user_id, invitation_user_id, project_message_id, report_id, private_message_id, task_id, task_comment_id, invitation_project_id, created_at) values (52, 'MESSAGE', 3, null, 18, 8, 82, 40, 97, null, '2021-02-08');
insert into notifications (id, notification_type, user_id, invitation_user_id, project_message_id, report_id, private_message_id, task_id, task_comment_id, invitation_project_id, created_at) values (53, 'REPORT', 29, null, 39, 17, 72, 37, 40, null, '2021-04-04');
insert into notifications (id, notification_type, user_id, invitation_user_id, project_message_id, report_id, private_message_id, task_id, task_comment_id, invitation_project_id, created_at) values (54, 'COMMENT', 30, null, 26, 10, 60, 43, 63, null, '2021-10-23');
insert into notifications (id, notification_type, user_id, invitation_user_id, project_message_id, report_id, private_message_id, task_id, task_comment_id, invitation_project_id, created_at) values (55, 'FORUM', 8, null, 44, 19, 10, 34, 2, null, '2020-11-13');
insert into notifications (id, notification_type, user_id, invitation_user_id, project_message_id, report_id, private_message_id, task_id, task_comment_id, invitation_project_id, created_at) values (56, 'REMINDER', 23, null, 50, 2, 78, 9, 45, null, '2021-11-20');
insert into notifications (id, notification_type, user_id, invitation_user_id, project_message_id, report_id, private_message_id, task_id, task_comment_id, invitation_project_id, created_at) values (57, 'REPORT', 47, null, 29, 5, 11, 46, 32, null, '2021-05-15');
insert into notifications (id, notification_type, user_id, invitation_user_id, project_message_id, report_id, private_message_id, task_id, task_comment_id, invitation_project_id, created_at) values (58, 'FORUM', 31, null, 39, 2, 60, 11, 87, null, '2021-01-03');
insert into notifications (id, notification_type, user_id, invitation_user_id, project_message_id, report_id, private_message_id, task_id, task_comment_id, invitation_project_id, created_at) values (59, 'FORUM', 10, null, 2, 6, 55, 16, 88, null, '2020-10-11');
insert into notifications (id, notification_type, user_id, invitation_user_id, project_message_id, report_id, private_message_id, task_id, task_comment_id, invitation_project_id, created_at) values (60, 'FORUM', 45, null, 36, 15, 88, 42, 33, null, '2021-03-11');
insert into notifications (id, notification_type, user_id, invitation_user_id, project_message_id, report_id, private_message_id, task_id, task_comment_id, invitation_project_id, created_at) values (61, 'REPORT', 13, null, 32, 6, 58, 5, 70, null, '2020-12-01');
insert into notifications (id, notification_type, user_id, invitation_user_id, project_message_id, report_id, private_message_id, task_id, task_comment_id, invitation_project_id, created_at) values (62, 'REPORT', 41, null, 34, 14, 37, 36, 11, null, '2021-09-15');
insert into notifications (id, notification_type, user_id, invitation_user_id, project_message_id, report_id, private_message_id, task_id, task_comment_id, invitation_project_id, created_at) values (63, 'MESSAGE', 16, null, 31, 13, 86, 34, 52, null, '2021-05-03');
insert into notifications (id, notification_type, user_id, invitation_user_id, project_message_id, report_id, private_message_id, task_id, task_comment_id, invitation_project_id, created_at) values (64, 'REPORT', 43, null, 19, 19, 75, 49, 48, null, '2021-09-12');
insert into notifications (id, notification_type, user_id, invitation_user_id, project_message_id, report_id, private_message_id, task_id, task_comment_id, invitation_project_id, created_at) values (65, 'COMMENT', 17, null, 37, 11, 50, 50, 84, null, '2021-08-19');
insert into notifications (id, notification_type, user_id, invitation_user_id, project_message_id, report_id, private_message_id, task_id, task_comment_id, invitation_project_id, created_at) values (66, 'FORUM', 19, null, 14, 20, 86, 29, 15, null, '2021-07-10');
insert into notifications (id, notification_type, user_id, invitation_user_id, project_message_id, report_id, private_message_id, task_id, task_comment_id, invitation_project_id, created_at) values (67, 'REPORT', 30, null, 6, 12, 88, 26, 24, null, '2021-11-21');
insert into notifications (id, notification_type, user_id, invitation_user_id, project_message_id, report_id, private_message_id, task_id, task_comment_id, invitation_project_id, created_at) values (68, 'REPORT', 9, null, 13, 18, 66, 25, 73, null, '2021-02-24');
insert into notifications (id, notification_type, user_id, invitation_user_id, project_message_id, report_id, private_message_id, task_id, task_comment_id, invitation_project_id, created_at) values (69, 'INVITE', 27, null, 21, 13, 94, 42, 38, null, '2021-07-07');
insert into notifications (id, notification_type, user_id, invitation_user_id, project_message_id, report_id, private_message_id, task_id, task_comment_id, invitation_project_id, created_at) values (70, 'COMMENT', 14, null, 18, 2, 83, 9, 85, null, '2020-10-25');
insert into notifications (id, notification_type, user_id, invitation_user_id, project_message_id, report_id, private_message_id, task_id, task_comment_id, invitation_project_id, created_at) values (71, 'REPORT', 35, null, 27, 10, 97, 44, 16, null, '2021-09-22');
insert into notifications (id, notification_type, user_id, invitation_user_id, project_message_id, report_id, private_message_id, task_id, task_comment_id, invitation_project_id, created_at) values (72, 'COMMENT', 44, null, 11, 11, 31, 31, 72, null, '2021-07-29');
insert into notifications (id, notification_type, user_id, invitation_user_id, project_message_id, report_id, private_message_id, task_id, task_comment_id, invitation_project_id, created_at) values (73, 'COMMENT', 50, null, 16, 13, 47, 47, 25, null, '2021-06-23');
insert into notifications (id, notification_type, user_id, invitation_user_id, project_message_id, report_id, private_message_id, task_id, task_comment_id, invitation_project_id, created_at) values (74, 'FORUM', 10, null, 10, 4, 67, 4, 58, null, '2021-04-27');
insert into notifications (id, notification_type, user_id, invitation_user_id, project_message_id, report_id, private_message_id, task_id, task_comment_id, invitation_project_id, created_at) values (75, 'REMINDER', 15, null, 45, 9, 32, 13, 54, null, '2021-01-20');
insert into notifications (id, notification_type, user_id, invitation_user_id, project_message_id, report_id, private_message_id, task_id, task_comment_id, invitation_project_id, created_at) values (76, 'MESSAGE', 36, null, 44, 1, 80, 9, 35, null, '2021-07-22');
insert into notifications (id, notification_type, user_id, invitation_user_id, project_message_id, report_id, private_message_id, task_id, task_comment_id, invitation_project_id, created_at) values (77, 'INVITE', 46, null, 1, 18, 70, 16, 11, null, '2021-10-30');
insert into notifications (id, notification_type, user_id, invitation_user_id, project_message_id, report_id, private_message_id, task_id, task_comment_id, invitation_project_id, created_at) values (78, 'REMINDER', 49, null, 18, 14, 49, 8, 14, null, '2021-08-01');
insert into notifications (id, notification_type, user_id, invitation_user_id, project_message_id, report_id, private_message_id, task_id, task_comment_id, invitation_project_id, created_at) values (79, 'REMINDER', 40, null, 23, 5, 58, 24, 20, null, '2020-11-27');
insert into notifications (id, notification_type, user_id, invitation_user_id, project_message_id, report_id, private_message_id, task_id, task_comment_id, invitation_project_id, created_at) values (80, 'INVITE', 36, null, 12, 2, 38, 34, 66, null, '2020-11-16');
insert into notifications (id, notification_type, user_id, invitation_user_id, project_message_id, report_id, private_message_id, task_id, task_comment_id, invitation_project_id, created_at) values (81, 'FORUM', 12, null, 50, 1, 53, 21, 3, null, '2020-10-21');
insert into notifications (id, notification_type, user_id, invitation_user_id, project_message_id, report_id, private_message_id, task_id, task_comment_id, invitation_project_id, created_at) values (82, 'INVITE', 27, null, 8, 2, 73, 12, 1, null, '2020-12-06');
insert into notifications (id, notification_type, user_id, invitation_user_id, project_message_id, report_id, private_message_id, task_id, task_comment_id, invitation_project_id, created_at) values (83, 'REMINDER', 7, null, 30, 12, 86, 41, 2, null, '2021-07-29');
insert into notifications (id, notification_type, user_id, invitation_user_id, project_message_id, report_id, private_message_id, task_id, task_comment_id, invitation_project_id, created_at) values (84, 'COMMENT', 45, null, 9, 11, 29, 49, 19, null, '2020-11-04');
insert into notifications (id, notification_type, user_id, invitation_user_id, project_message_id, report_id, private_message_id, task_id, task_comment_id, invitation_project_id, created_at) values (85, 'REPORT', 29, null, 25, 3, 32, 16, 76, null, '2021-05-19');
insert into notifications (id, notification_type, user_id, invitation_user_id, project_message_id, report_id, private_message_id, task_id, task_comment_id, invitation_project_id, created_at) values (86, 'REMINDER', 36, null, 45, 17, 1, 13, 74, null, '2021-07-05');
insert into notifications (id, notification_type, user_id, invitation_user_id, project_message_id, report_id, private_message_id, task_id, task_comment_id, invitation_project_id, created_at) values (87, 'FORUM', 48, null, 36, 5, 70, 41, 89, null, '2021-01-26');
insert into notifications (id, notification_type, user_id, invitation_user_id, project_message_id, report_id, private_message_id, task_id, task_comment_id, invitation_project_id, created_at) values (88, 'INVITE', 17, null, 9, 14, 86, 13, 77, null, '2020-10-27');
insert into notifications (id, notification_type, user_id, invitation_user_id, project_message_id, report_id, private_message_id, task_id, task_comment_id, invitation_project_id, created_at) values (89, 'REPORT', 23, null, 3, 7, 48, 28, 64, null, '2020-11-30');
insert into notifications (id, notification_type, user_id, invitation_user_id, project_message_id, report_id, private_message_id, task_id, task_comment_id, invitation_project_id, created_at) values (90, 'INVITE', 9, null, 23, 2, 96, 18, 86, null, '2021-09-23');
insert into notifications (id, notification_type, user_id, invitation_user_id, project_message_id, report_id, private_message_id, task_id, task_comment_id, invitation_project_id, created_at) values (91, 'FORUM', 21, null, 12, 7, 98, 37, 45, null, '2021-02-18');
insert into notifications (id, notification_type, user_id, invitation_user_id, project_message_id, report_id, private_message_id, task_id, task_comment_id, invitation_project_id, created_at) values (92, 'REPORT', 46, null, 23, 12, 15, 41, 57, null, '2021-03-04');
insert into notifications (id, notification_type, user_id, invitation_user_id, project_message_id, report_id, private_message_id, task_id, task_comment_id, invitation_project_id, created_at) values (93, 'INVITE', 2, null, 39, 6, 88, 21, 68, null, '2021-04-06');
insert into notifications (id, notification_type, user_id, invitation_user_id, project_message_id, report_id, private_message_id, task_id, task_comment_id, invitation_project_id, created_at) values (94, 'COMMENT', 1, null, 3, 20, 26, 33, 77, null, '2020-11-24');
insert into notifications (id, notification_type, user_id, invitation_user_id, project_message_id, report_id, private_message_id, task_id, task_comment_id, invitation_project_id, created_at) values (95, 'INVITE', 45, null, 10, 1, 16, 3, 88, null, '2021-06-25');
insert into notifications (id, notification_type, user_id, invitation_user_id, project_message_id, report_id, private_message_id, task_id, task_comment_id, invitation_project_id, created_at) values (96, 'FORUM', 28, null, 34, 3, 95, 44, 95, null, '2021-08-14');
insert into notifications (id, notification_type, user_id, invitation_user_id, project_message_id, report_id, private_message_id, task_id, task_comment_id, invitation_project_id, created_at) values (97, 'REPORT', 37, null, 33, 10, 4, 39, 94, null, '2021-06-02');
insert into notifications (id, notification_type, user_id, invitation_user_id, project_message_id, report_id, private_message_id, task_id, task_comment_id, invitation_project_id, created_at) values (98, 'REPORT', 10, null, 1, 15, 45, 44, 44, null, '2021-11-08');
insert into notifications (id, notification_type, user_id, invitation_user_id, project_message_id, report_id, private_message_id, task_id, task_comment_id, invitation_project_id, created_at) values (99, 'MESSAGE', 5, null, 49, 7, 13, 47, 61, null, '2021-11-02');
insert into notifications (id, notification_type, user_id, invitation_user_id, project_message_id, report_id, private_message_id, task_id, task_comment_id, invitation_project_id, created_at) values (100, 'INVITE', 31, null, 17, 3, 54, 34, 14, null, '2021-09-18');